experiment,bits,hash,string1,string2,attempts
1,8,1d,vDzVbuZZIj,QP0d6BQoqR,25
2,8,22,DKqmuDFw0D,pcWCTlc8ep,17
3,8,f9,pROQb67Le4,hGQmCNvz1Y,19
4,8,5a,aRR8PpJLY0,qRMa6fg7Cd,5
5,8,64,SCFAQsoLUn,UVUApRvlJB,7
6,8,10,IWJZoDemAw,yxPiGioaV9,26
7,8,25,N2Z316iq9X,AdjOvchy70,16
8,8,af,UpdSoTsUvZ,qfKCQTLmQp,23
9,8,94,Naniov3bHe,HQFvFnOsqd,23
10,8,8d,pbLnj01L2P,nbrPFmDMRo,10
11,8,9b,J3QUHR6VFw,ALP7zFXr6D,21
12,8,3f,V08pvAHWMs,TjYZ47hkAF,16
13,8,42,eA6WSP1gnt,7OTpG9uWsZ,6
14,8,f1,NUV6Hw7m25,GBj2dpUHAx,14
15,8,7c,R04XFJFGVk,jTmgH42tLg,18
16,8,9c,7Rs736mEdV,yqvASzPWKn,26
17,8,fe,xjJ26SjE9F,t8xQ65B6Cz,19
18,8,17,N5LVru5CCH,1JXZcYFgl6,3
19,8,a7,yySZgeQLXc,5tTQSerrDV,20
20,8,9a,RyrlibYGZQ,8juNPQaQ3c,13
21,8,48,iCT9DuhRF7,jHeAB3PMal,20
22,8,1a,11qWoT8YGD,asbtUeY58X,7
23,8,0f,4JAGYex5iU,uwj2onx90D,49
24,8,2b,oWHFYma6xx,erF9NYsBtI,23
25,8,23,IdR8q2NBBC,DDoGgagIKF,45
26,8,b7,7Q8KW2z5OE,DEXS5Cas6V,32
27,8,f6,Pp9Gyhfs6t,TMdNpD4VS9,11
28,8,fd,YWwlxfEUAZ,SvipJZhWlg,12
29,8,8c,E1QufAhm7W,TECTHW9j5Q,15
30,8,ae,y55tgZZhyS,98oVn8Ywlb,13
31,8,d7,aGMeD78m7e,i2B4cZ0wDZ,33
32,8,70,3w3tHKQUjT,4grknm1f7u,23
33,8,44,sDpzyJ5CJ7,iexFKexY0A,21
34,8,f3,N7xRwbntzB,DPFxnQspDg,25
35,8,db,qmVEgcetPr,5ps6y5tjqh,20
36,8,b5,KqF1cZ3yCI,5C6hevwRHc,29
37,8,a5,58EcT7AsJr,sXlHNHWWzv,14
38,8,6a,ItgI40oLd4,weiKLOsj52,8
39,8,8a,3y1gHT1URQ,62LHQgFeXt,13
40,8,dc,BUBGEDwZHI,hXN1ucWULv,17
41,8,d1,a2KVnyGQUQ,Trs9faN4Sc,19
42,8,e0,Wlx6R0dbPo,ZT2rQ5v3iH,10
43,8,36,Eu0YMFFefI,XjbmUrzP5l,27
44,8,f5,Zvuu0qTELu,K46wwBGv6m,26
45,8,a8,PVFQcC8hKQ,tX022eMjKc,25
46,8,45,z1u3xf5QhN,bwBVexQQ2y,12
47,8,d3,Q9gxdRHLKU,Ljy6BRidYs,17
48,8,38,0ab4vyXoXY,wmANcbQchg,6
49,8,74,zQ3MIuG9zv,Y1FE3dwY2E,25
50,8,cb,Ms9ZvmEDNl,su1e1DMdJ6,18
51,8,b0,akdxIfnU0X,WQ6YYH8d41,10
52,8,44,bc6eqltnoo,0gEjJdGXmG,12
53,8,da,lZbhnpyHF3,h9CFbqFxWB,22
54,8,48,joec1TWpJn,DNudPNlriR,32
55,8,de,PttKrRfqrU,hS7t7KeQxh,21
56,8,fc,gautEp8vnD,SYoXy4w68a,11
57,8,f6,0niPJjHyMF,ZTUqCfMZQc,18
58,8,13,10u85ipboe,ALRHvl6v7R,4
59,8,46,rVKqmIcEyW,PL0jx9R2n2,6
60,8,7d,vKkkraEVky,KuVV6zVaC0,30
61,8,b2,y46hiQDdGd,uGiKmCjgZI,10
62,8,96,zdGI3GHdgU,lcEDzuMAZM,33
63,8,36,5TTer2lTa5,zjfsO6FKyy,13
64,8,8a,5DvHoMbOd1,bLWLvoNcrH,27
65,8,6c,DfEKCC3CLu,O24yFa08X3,23
66,8,5c,DPfp52obPb,QUvTy8m1Vx,51
67,8,8c,sNanS2y1FZ,ZIrMQWUFUD,18
68,8,92,mqL6XdQf2T,D85zTDhBb8,28
69,8,bf,JYupqYZcUb,vWh5wfzDxo,14
70,8,b6,InxGQfhh77,iYCyZpOLBj,22
71,8,b3,4zyTQNXWJ5,EUSAfeI6Ei,18
72,8,46,ZWJUbdEBjq,KWRgF9mSQy,4
73,8,57,YrFwjVr4x7,v5JnpWgJYO,20
74,8,48,3tds6nFjxK,Yo6CIJGgF5,9
75,8,ed,Ep0Y2RvrgL,EunWn3MRXN,31
76,8,22,L6r41NTNF4,e4Z5bTb9Ad,14
77,8,62,JTsOAmPi31,oMjnvkw13R,14
78,8,6c,7Vhgp8dXL7,C0VxiMiMc3,11
79,8,57,tLukS5BaZp,Ei7KhhFNYq,19
80,8,ec,K4X340QgZO,dbIqFq706v,16
81,8,13,7LLzpSTxJX,G4EAlAzYIW,35
82,8,27,pOG78jk4YN,KDC2FpEl83,27
83,8,9f,Tgqbm1wLAk,b3up0OkKAu,7
84,8,88,sPxfMJ7mCO,GAqUjBvlwv,14
85,8,86,e00SZqRiam,ci8MfrVQux,15
86,8,0a,uEGVwqB4Pc,tKH7GfdaZR,26
87,8,4f,mqwCIdfSQ8,wEvKF61T8s,13
88,8,21,5VTau1S8AC,Xik7GygUWJ,17
89,8,b7,i73xFKNuds,8KS2fLydA7,40
90,8,02,hekuVqtRZS,0XmIbBgHCU,14
91,8,6e,aPQpaAUwb8,EXn9ZM0voI,23
92,8,e7,r1O6zvAdh6,CIWWpNQmnd,43
93,8,b1,SEaVfedJrC,tm7To3jisG,7
94,8,23,0NB542aJQX,Fy7d6CyEDN,20
95,8,35,2WPrML6g0q,JlkYMdGiNc,38
96,8,5b,hKa8dSHNT5,a7Dlh0vNfU,8
97,8,05,GmdFRk9Mzp,4m9hrqrvDy,13
98,8,95,LZMOlp5EOS,9Q2oPYSVxU,40
99,8,fe,dLcF40x7hH,ZZSTg5Qqtv,54
100,8,67,ESWu3Kqkfn,XsXI9lMDFs,43
101,8,c7,gUWTcXtRXb,aKTw4AablT,28
102,8,82,o2uxjOb2Pr,PjLRvZqOU9,32
103,8,86,uIRSIF1KCo,bcX8jeF3Hd,12
104,8,ae,S1YefNINDv,7YMuZog3Uu,30
105,8,6e,DPuuMrcdxq,MVmuqnCgRs,19
106,8,ae,z0KZyABUPI,9DHQ4hIRzb,20
107,8,0c,IVQy1LUB2v,IA5B0x2Sub,10
108,8,68,6LhkTdHtXr,jLVd4yRVzQ,35
109,8,67,ls5HgYv2zx,mksua5TIgr,38
110,8,f1,Et1KrBs2kn,JNbThJyGz0,14
111,8,7c,CC2GQELbOH,taczeBrDFb,32
112,8,25,TMXDcDsYeq,IJJbisF1Ey,16
113,8,8d,KW3YzNuUl1,JFb2spRmZh,19
114,8,56,6NSHtoMF0v,7zhsSpq8KU,10
115,8,ec,VdZbQzwqhj,Il7GsDIF3j,8
116,8,8a,7EyNHyg81e,QCjUdPymGr,26
117,8,1e,x91v8l1Qjh,yYwufrmpTv,39
118,8,a2,79pLBmy5Qo,DyQlYYlojn,14
119,8,25,rOtFbqIC03,0FOhEx5I6r,15
120,8,df,L30xph0Bde,5dID2jbxH9,16
121,8,60,ayMvtDNjzQ,54L7Qpui1B,22
122,8,30,CnXfDDSz8R,kwhjtBz5ie,37
123,8,49,wbV0YjuqHO,zy2ls9g8er,3
124,8,dd,FmtFL0WPbG,CCaxI0LrrH,27
125,8,f1,hlTmfy9zWj,e6PLBfpChO,33
126,8,57,d29tfJh5pv,ZND9PaBhM1,33
127,8,a0,qedl5v0eLT,flN0KKmX9e,40
128,8,46,PUqGdZaGMk,WOzIzxkLHa,19
129,8,78,dzQELRICwr,aeA3ge3KFv,17
130,8,59,YHfQytCG3O,SxKRWVl58x,20
131,8,25,rLnkiP1dqt,JQ8zYOh4pw,10
132,8,fd,qD0DzHpJdD,zUQzZZBO8F,10
133,8,94,Ib7MZbsOJV,XTUfrs35Ml,44
134,8,f9,LmKGzQDUsr,9TpfQusqkY,27
135,8,94,9JGEtz4V3C,OQ2qQjxy4B,21
136,8,7c,jcAETkXF8l,2bNgi19xd4,21
137,8,1c,W03mMXcp9t,PpVprxVCS5,27
138,8,e0,XqmjHt2R7C,Ha2Pz23uyP,23
139,8,d5,7rUy2C2mcQ,MHLsA2S0Ik,20
140,8,ba,tm16w4Emu8,eE0xEnO56T,2
141,8,7c,3HrI3eCiEk,5U6Pwlyjow,4
142,8,f2,SJviHxrnI7,qY0OSw7eUt,22
143,8,d8,R3OaWtYEJI,8mOc9WdLsR,32
144,8,97,c0BruP0223,8FMw2YJaDf,42
145,8,e2,uDoHps972S,USTscQlQtY,4
146,8,26,NdzcZngdOz,33dM0bqXfz,18
147,8,17,M6iz4dJZ6T,SWIvSdzCVh,18
148,8,7c,v4p0o76Ddw,hD52Hfwnoz,16
149,8,aa,conWO2tUJ5,zl56uTaKs6,28
150,8,14,JRtKZVStba,O30fAqXcyU,17
151,8,21,NCEvpgkWCX,oq7hBuGmV4,28
152,8,b0,CSkCn2G6uO,6TySSfxQvc,21
153,8,e2,f0OhELoV1z,uRUx3Qb1ZM,22
154,8,d1,vTCdJok3De,exdyzCVH8X,18
155,8,34,W5rGHC6NRd,rRiKGJEob9,18
156,8,05,Rc8tP6CzXg,ECnryLmNfN,14
157,8,aa,60t7UlFQIL,ArGrjKmDu7,31
158,8,bc,JchH7ou1Nl,RvmNj69S1V,23
159,8,3f,UTZubajf1c,LmG5DVsVO4,20
160,8,6c,3tb9O1cizE,SePbzfZ3SA,37
161,8,55,pr7IINQdrj,TMXVGBPUul,28
162,8,31,COQOzvzzMI,ZvMUO3jsHb,17
163,8,96,325WKCPjTl,xsDYfgwN6k,10
164,8,46,HDVzp6lptP,M4M2XQVAEs,16
165,8,c8,HCRYfRZ93w,QHzt6Wd4a5,37
166,8,14,r06g6yFkKN,T1ir7UUH4C,23
167,8,1b,O7GQNpccUX,0VDHSaC4t5,29
168,8,87,iIpnfYYx5C,B4byQcHtGb,33
169,8,f8,hkW2BjQE7Y,303vFJsiNf,32
170,8,5d,mUrN525EUg,f2YbS1x9C6,12
171,8,a7,idaZrc9s8n,90K7zlQ0oL,17
172,8,00,kbarwz3CJ8,nehzj4qD6I,5
173,8,cc,YWp0YZT3lM,QIvmXMLgoC,19
174,8,5e,587KwimlKL,H8IPysEm7p,12
175,8,48,WmgjONKf3x,76ZyCxRzWs,16
176,8,e5,1SEacuQslv,piv4F4lU9x,19
177,8,8d,5x4cagV7yA,kYNNnGv4jx,15
178,8,16,c6QdVSXqHH,KsqeUx79jf,20
179,8,52,WMQe9bl5Cf,Cp1qrSQs2R,39
180,8,4a,IPqIiAhned,k3yX98i1PL,11
181,8,78,UMwXtyAdfT,FbvRtZygtL,13
182,8,de,zxHhDV6Not,WsLkgVfQ64,9
183,8,08,myIPaUEq6c,p7WDzAwy2U,17
184,8,01,pX8ERUU82I,KCHAytyzx6,11
185,8,59,551jPZFkJ2,fDdgHNMCEK,13
186,8,b9,9e5PXdSl99,J3srlx1dwt,26
187,8,fd,bOaK8aW9jk,nQGJvl2r6r,18
188,8,98,CUbaEa1Xv1,VHT2ib4Gkq,26
189,8,34,Py0QSkvBFe,vMq3Gc7IPp,35
190,8,54,p4nmhc4XY9,jLVKz4ybDj,14
191,8,32,DrInfpGObh,Kkkx1j2Mkz,20
192,8,6b,kYJ0O3OBrs,LuLOcox6XJ,21
193,8,fc,Vq7PL4zWn7,0Ms2qQF5Sw,21
194,8,8e,zce0XbW0fO,9ACEE8RIt7,32
195,8,e4,zs0z8Dbmes,BZU2ulKo37,28
196,8,1a,JhoyNtyYYu,6BjltfeTY2,23
197,8,70,CrizaJROr3,mJbCSmRuDo,17
198,8,15,PqerO5M2Md,DSwZInCxwE,33
199,8,9e,7rjkfL7eOO,HWySIVJs83,15
200,8,8f,2ntWtVqtEF,nPpFTRDl0J,27
201,8,64,nVRf0eaiM1,DJU2asND7w,50
202,8,20,rEX9cH2DuA,38eRU2MzhU,13
203,8,e3,xmiOqmVpbE,utFQGaA32I,19
204,8,45,rGUWHKOqkI,feKBBZN06Z,25
205,8,96,i7ZeBQzlv9,j12PNcAcqf,20
206,8,ce,1bhaTUBnsy,sFjJ1j324f,27
207,8,48,PUYkiaAt3u,7MTqxaSaXE,10
208,8,ed,bW6MBPA6ch,59i5BRfwDh,21
209,8,83,zWV6WfQv98,qCTKTVcCDE,20
210,8,7a,7jYkJCFiNz,QG7BV7XYkC,2
211,8,5f,V2NFFnEc6e,6UMaPyq34E,35
212,8,3c,OyRBrzonRS,9f1ndURfJE,20
213,8,c5,9iMgWXAeEw,sRVu3hKqkI,14
214,8,63,6D1I545GBZ,4zysHhX8O1,29
215,8,13,lckDnYxhdE,dhzmFApUs9,40
216,8,aa,YLoLbjMpQA,hz7WE4bJ7E,12
217,8,1d,gkxXsSnlue,AACJsg3hwz,18
218,8,1e,Ff8UaOq4LO,q8RES60zOn,20
219,8,82,Azo2xMTJyQ,ZOQd4yES0H,50
220,8,b9,RQfVGy4LDC,IdLgqLCdHI,13
221,8,85,DSXduueUIm,Y4kpKaqWOT,9
222,8,8c,qeKgKUmGAU,3FCVpPdIvx,7
223,8,23,DOCEKhkwjT,r9P5HoFCxM,29
224,8,a2,kE2n3lUKOP,4ughQBvnGs,12
225,8,97,C97cddJUE8,NlyhTyqbMX,18
226,8,93,OlpCM7Psv9,wnwZABu7Ye,19
227,8,5c,DpiQVHMos2,hkX5l7wpUo,15
228,8,5c,yaVJshbHA0,6d5E5JrZkj,19
229,8,4c,yyym4q13gp,x97m8DaBtm,12
230,8,ad,ljFPdAVku8,tmShgPe8ch,5
231,8,c2,EgBbqkd4lz,OrqKVPpN4f,31
232,8,22,wPLMG9rVYb,A0J7FcO0Hs,14
233,8,ac,Juq0pVy3Ln,UwW0xQROle,22
234,8,92,8wuBOZ9vCW,sOfSEeW08Q,5
235,8,85,DddGEGNXCK,zc3Yyks4xd,21
236,8,cf,mN9bhymK98,yv1y6k1jM7,23
237,8,4a,akBlbNxori,NJwB4iy4IT,13
238,8,b1,dZITPLOuIB,54ODbbesgj,22
239,8,68,zv9L9MjsCV,kvrppMPI8u,21
240,8,a6,TJ6dDswm11,hSdhLdNRah,24
241,8,0d,3mzfk29ir7,HzJp0EE7of,20
242,8,74,89A5uDboOX,3EjJ74beak,28
243,8,75,nvjeIxfo9B,R6b8F90GCh,24
244,8,8e,pIS35SnWN1,jy5D0Eo0Fd,12
245,8,97,RXH4S7nCS0,Q6kgqB2kC5,2
246,8,13,eLZDVhiVsU,BEZZsa6GwC,25
247,8,84,TepPtxDPJK,xFnbX3oyM4,30
248,8,57,zNCeJqWcm3,a1BMuhgTl3,9
249,8,db,Y0VXxPKy0c,BSiAFVdmAz,17
250,8,74,ACBGThhcQQ,xI9CA2jga0,28
251,8,bb,Ua2rJhyYQk,JfpMXElP1g,16
252,8,92,dFoQgATWiQ,tKKHSJSKxA,22
253,8,19,baDFpU4HP6,J4O0rL56dY,20
254,8,49,AI00dDOgAM,Ye6SD9Jur7,18
255,8,6c,R56mknLp6k,xjBfD6shR5,14
256,8,c9,JtAr1rKX5z,jyUPoWWtiO,23
257,8,f5,d1gPO29gFJ,CqFIs9rXv8,40
258,8,73,vipanGAFkI,IqKMseDhKr,12
259,8,1e,yxU2Wgj5Mc,CuxA0B2XAU,21
260,8,28,Zu4gyvDMUc,WVD0FZMLT4,29
261,8,e6,ujIuN1bK9J,0nhUzoIsKB,5
262,8,82,QRXoZxz2gO,erlnU85ERx,11
263,8,7f,Z67HDK135s,XMRPxuEpFu,41
264,8,79,rbKKm3fktv,pEdR5TQmrc,30
265,8,10,TKmc64tPSa,HXXtIqe49z,34
266,8,dc,Q7HxtHLQgY,ACz6sxDVVr,18
267,8,5d,jEFmOc19BV,GvpjPUlKfa,20
268,8,17,TfmlqjqxVU,bHMF4Ge6AF,4
269,8,70,JKgG7MdLwu,XMF1cLH0av,24
270,8,66,hBqu25zkng,0nZ0fSKot9,39
271,8,e4,OUrb5YYNN1,XSGIrozVC4,14
272,8,bb,o8J9t2tiBp,o3iZ8gkj0Y,19
273,8,81,ImQAZV5VFA,ej7tsobfad,32
274,8,ee,DMnkz53Rec,eAKQGWYuU5,22
275,8,23,2uALfKfxi9,pzpN2cx1rV,44
276,8,5b,Zss1ZE1701,pGDkhYUgWD,7
277,8,ba,dpn92orIKc,WL5xWxhGxx,45
278,8,c1,SYEj3Nsw9D,oidmymrjGF,32
279,8,7a,QHzzm6YxRm,PuamUIKDEu,21
280,8,bd,6mFUqWYaq0,0vrhgpw26U,15
281,8,d7,x2lHkwgEIe,5hv40HkinC,18
282,8,1f,THCDwa0P9A,B81J6aOD2J,29
283,8,b4,C0Ll5BCOJn,2LVB6FHHVy,30
284,8,4b,4F4qRlWgQR,sBzz3j30vO,14
285,8,d6,kz54SUPTDx,lnCAaDLXUB,24
286,8,cd,qPMvPX99Na,k5UmwC4l4o,24
287,8,ab,EPFAMqyiIR,EDqNaEqn91,11
288,8,81,8fT9PVNPmP,XqLAYSEQnl,31
289,8,0e,HUAiJhgyIZ,sOl62JEfdK,19
290,8,e8,oLClgmGnTQ,iLLB0Vk68J,15
291,8,be,3PAxHd72BU,u60TBbdFu7,13
292,8,fc,cThtzz2t8J,SzUAQlpIQE,24
293,8,1f,0QbsX06Pcb,SjFk5Mmx7g,26
294,8,2d,sBPnQD6WCF,b5v41soAUf,19
295,8,cf,yLLHDfxQE0,gMbikCpFB5,24
296,8,1a,7mqwIQD1KX,jeLtujtUy7,27
297,8,2b,H4aIyBcVS0,nnkjORGHZO,24
298,8,e8,69IBxzzVNz,8jqpY09eXM,18
299,8,c0,VcG6rLR0Fu,WlbfWNtRFx,17
300,8,82,Zv2BXrCV4c,W68IMJpIQo,20
301,8,b1,T7yV9pbgDa,9AbFfHuLbO,22
302,8,6c,5T4vnjusNQ,dWyt9nxKMr,15
303,8,ca,3kl00SDVoy,q3TFHtbbue,16
304,8,5f,itvxJZD88V,JWQieNbGvA,11
305,8,91,xm151Y3BmH,MgWvRXaj2w,19
306,8,cb,k0PmMXo1j6,UiERjJm7ht,13
307,8,3b,uag5a4zGCs,ZlrdoxlMaH,9
308,8,08,lhUwNLLc3G,HPMMSLjfi2,21
309,8,e6,sNBdF1itjR,YExb02W6Iv,10
310,8,d1,Kptcubn6Nf,IuQ9d98TVA,7
311,8,87,DyYkoKAdq0,bj4wWSiSDf,29
312,8,8f,vszEtThxZp,NB0PqDM9bJ,20
313,8,f9,LnIao2y4TQ,tljkCpIBEu,32
314,8,95,e7Mt6xHKKC,GnnVExUpTc,25
315,8,d4,W8qxsXAcwh,ASBqZzwPMt,13
316,8,be,SYmMBW9Bp1,sPCYkjCfRn,24
317,8,1a,sP0kBRqFSP,5uIGgADgGN,36
318,8,0d,hLk4XEMuAz,ErMzmz7qtT,12
319,8,f9,r0GG76fEWx,JwlyUmWMA2,11
320,8,1c,IEYFLofWST,lIjlyS4Key,56
321,8,89,d2iWVKexHr,cUcXx7NhGa,48
322,8,e0,HhX2q8EA3b,JWK3tFF9jf,19
323,8,35,x7eOjEx0JS,jHsCfZCg81,23
324,8,c7,p40ynGcI5p,N9gSBHiKiq,28
325,8,8c,ASUkNOAx1g,Xe7fNT78kF,21
326,8,7c,hLPgtrxo5E,Idrn5bvNuD,7
327,8,de,RPHTb8GUpU,KwzrLdBL1w,45
328,8,ce,BTaXrdWEZQ,y2g4H5eJjx,32
329,8,11,ZRTDdyEmmO,eyIAUzeK74,38
330,8,9b,DEN111zY2n,pH49xAcy48,18
331,8,3e,KPa3PPVdeW,DkQgZdoG9x,8
332,8,df,q255zVwbda,uXyiCfvuoo,19
333,8,f7,FSMEsx21fH,i4zckqxBGr,15
334,8,64,9qKUGqKjEZ,9u7TNqYg4g,14
335,8,f0,RtxCzltZI4,WYRXzUepha,28
336,8,db,5fv1dzfXuP,q6eoV4OUMw,26
337,8,1b,E2YECvXRxh,qu6rShleii,32
338,8,5f,4LAulhBafl,pAgbkL8qKR,13
339,8,2c,Tg95V27ToH,VmfFRuRksu,13
340,8,5d,tMbOmUlMG7,kmdfgs7WZk,10
341,8,8a,g01BZhTpO2,MWrRqslaVw,19
342,8,b9,IieBggfhKX,yAnioz8b1u,17
343,8,b8,q8qK5uEgfC,EwsbIVKUiA,26
344,8,1c,nO86lTDQFe,8lyR2xDiOx,18
345,8,a4,WWIRTGOCsm,xQ2aljz8F9,26
346,8,02,SO9mRDUHHT,VPAEvEnT4f,24
347,8,7b,UG6JAxstdD,2IlLwjzvKJ,44
348,8,38,X2N7U8KUoe,AVEKqLt7qy,28
349,8,10,X6IFbsEZfS,xqhgkOP2pk,16
350,8,da,ds7UjT36S7,BtS4KQDuq0,26
351,8,e1,VIoKhzjcTd,vvO18cRdrf,25
352,8,57,nSTynv7RLN,iD9QuqMkEV,11
353,8,9a,h6N4hsEyJr,BUE4AJfNPk,7
354,8,e9,U9Qu0RkZLX,L9m4vjRFag,21
355,8,f3,KCSlD3peJZ,iBQSlfaZEH,17
356,8,95,qluBzIaGwY,WGNSSd7tJG,30
357,8,95,1vrbB2WjJA,biVct6NeEL,22
358,8,5d,031RL54bGo,guMerqktRc,15
359,8,2f,fibXzxecho,mjBiEv1luP,19
360,8,d4,rO4SGvMQXl,SsEUdr1f1r,12
361,8,b8,kON3huZ9Qd,cMZmlzLjYi,28
362,8,05,rCqe4J4Unx,Vm4lZRaEf3,24
363,8,50,43MZtMKzmR,8YQS7qTzsr,38
364,8,83,fF2U8WULlm,hGFEt3elLC,38
365,8,51,0LARNgAhEb,Igd4YEPTjX,28
366,8,69,SqRAzwQNfe,KrRfacUVed,18
367,8,80,ArS5fIV7CB,KwYtSeEn3n,20
368,8,d9,5Ijd70G45z,7HJsItLZqN,8
369,8,a8,zdjaMXGz7B,2rzcxsQEUU,11
370,8,f8,pNs1HNGd0r,upDjc09ooK,25
371,8,e0,86iQgrkyJZ,X0L85SplIA,32
372,8,e2,Yq7q0pOkvg,UiY468sHS0,19
373,8,81,pJuikGzb5f,w5mrKYC497,29
374,8,62,g5RtEykzWG,KnzuzdqhBQ,17
375,8,a4,Fe2sg5eEyC,uiR1CiEoUf,30
376,8,4a,iNXbtbUAyM,oi7MI1x0Kk,6
377,8,2f,xM44Ll6fuO,n9SazKEZWW,5
378,8,44,TmgfpiFIxm,9FxQyEmpuQ,8
379,8,b9,NwU2Hov3lc,XuWkkK2OjG,29
380,8,4e,8IOxZmfdl0,kItdw0ipXr,12
381,8,9d,oLOFPv7dHa,EsFvoPzmg3,20
382,8,87,zgROIYu7ao,VBY3DdJa6O,11
383,8,71,G8miH6lQUm,xmbNN1LCpQ,15
384,8,e4,mjsbs9IH4b,6VViJZO5H1,19
385,8,f5,w9ggmvVP31,8iYPopCJCO,18
386,8,0f,rcTleeJbFa,UN2dcsb7bR,24
387,8,2f,FQU0EqwKvA,ROiuHrbqhd,32
388,8,2c,hOis9y5nWL,3bWp9bpK29,14
389,8,2d,ZdvT0of425,KvxGXHEPZ5,24
390,8,eb,7KKL0O6WdF,48pDthoLxJ,21
391,8,c8,8Xr0gfculP,wyzAH9FMwL,36
392,8,40,GD8kQTxq4x,OwcLHd7gZh,27
393,8,49,zdAfkYaERX,L1MCAFjgvh,20
394,8,b5,lNLs7Uu1HI,JJVUCkstwc,10
395,8,9d,D44GPAYQep,wPJjznzAiA,23
396,8,c4,TMCxPuc1IM,bV5GZEAl6x,7
397,8,cd,gINt9ue1gP,qIndSzB3od,5
398,8,c3,XqQnbnpEvF,Aus5EUYtYk,34
399,8,35,fufsN6I3yw,0t90uwdIb2,16
400,8,c6,hcEfs5kz4a,1cHK3efFt1,9
401,8,80,hRgGKdMdOm,5Hr8eGzck7,19
402,8,ac,sZJyMhwB2o,hVEpkfap58,11
403,8,eb,PPTNMIIvId,jEGMw28EdP,17
404,8,61,wTgbAUWfPC,PQo28yyEPd,11
405,8,e4,hwj9gnz4Xx,9QTACT7CCE,28
406,8,0d,Ixw5koNiHq,DYSdALOfqs,11
407,8,89,wL0C7s57Lu,5P2D2TNLtX,15
408,8,71,qH5TF7SMfQ,gEir5YiAw8,20
409,8,e9,2zmMqN51c0,f2meEjLIOD,13
410,8,da,3fwcJQ2ouD,TH7TfRo9GA,23
411,8,cd,uLeM0CLLHJ,oyqwZCai8H,33
412,8,be,nPknNfX530,0Gv7S2tJJ4,12
413,8,e2,ERqzXBzdMD,n0fNT52PQL,50
414,8,7a,QJbCJcbTgV,1uhvp0J27O,51
415,8,c0,3d9nhtsPtd,QFwL5YaQ6x,25
416,8,7e,bHn1vfrmEv,mDFRPbePlE,20
417,8,b8,qj4s0gxh4v,OR2JFcbMhW,48
418,8,02,b1LtkQv1rJ,x8ybmhweJ0,25
419,8,ae,ikd74SXNa3,QYxwdM60AC,38
420,8,e2,Jxr9X7wuU0,MahyvXjL9H,16
421,8,61,HIZbLxMWyy,FkZ0J21yHW,46
422,8,cf,7u2mphjvyK,NRdR44lXHO,13
423,8,33,4NIJaqKMPn,DI3OzHh8GQ,19
424,8,33,0K93YOHbpN,S9QAC9weUr,22
425,8,be,6gu0D3Xfgm,gVkumo5rJn,12
426,8,2d,WDqb2ZO8rR,Gwts2SOrSM,14
427,8,a2,BTYltGxbVd,KwVAkd3p4U,15
428,8,e8,F6eVPwKBxy,S8Wjj79whv,16
429,8,2f,sVcSz2w9as,YZakKRiO7m,26
430,8,79,2lrZzfZ08m,zZcDpUEclm,17
431,8,5b,bRqxN37sBx,2SMYWj1KWB,25
432,8,d2,dCtmA1Of5L,K3RHfD1ueY,17
433,8,e5,YYNq4fkRKc,UHDXD38ASy,21
434,8,b5,Ox4WCi3XJz,kFZvHnFgnu,23
435,8,45,JASosC6ZOS,BkyfdIMYQK,16
436,8,9c,2wibImg88T,G3LqWr2HiX,24
437,8,e4,aB1VX0VCvE,kEN8J4eaw8,30
438,8,b5,nkfERP9G9D,lPbICHx38L,19
439,8,59,NlLiS79zMp,Eqg9RuGZ10,30
440,8,04,vcgG3nDy35,iMiGKWO4Ms,33
441,8,d4,oimKGa6SGe,zbtra2LJ8s,10
442,8,f9,0I8PJ5qAAZ,zfos5VZoCV,27
443,8,8b,Dwbf039jmN,vz7cNqh9hx,22
444,8,ba,FtpGzgbutV,mjnUU2HMPm,25
445,8,89,dXL6bWjKk8,DtWhCOHv3u,17
446,8,bc,doab9h5CCm,IddemZ7136,45
447,8,3e,oaDzQhLU5v,1cH7KQWe5n,16
448,8,c8,5qM3UuMjEs,WMvw6Y7xjU,2
449,8,ef,weUgJKtKT7,AnpMzFUWl5,16
450,8,65,D2lqE1uhWV,7cvcB5EPk1,23
451,8,95,8kuqnbsaAU,mc5T9gv03r,16
452,8,50,Vjx9LY2r0B,IErdDR0Zf4,28
453,8,1e,6aw5PnZGvP,8Ug7rhBHOV,13
454,8,de,VyI32u4H3i,Qgf1S7NkDw,24
455,8,7c,EICuTMaI8Q,VFId9QOSWM,14
456,8,9f,HtlqVYEqKz,wwX3xr9rK5,15
457,8,63,duFfv2hlCb,aWRly1mbaV,15
458,8,d2,XTBQ0Fbtmo,V7lhzHWxyW,19
459,8,99,arWP6sFCR2,KcWueDHwKS,14
460,8,14,gdYtV3l5lX,ZXFyHQKyij,22
461,8,97,iVHYncwarT,U1wVysC9ly,30
462,8,26,2FezUgKd69,TNIFXLWpH6,28
463,8,d6,g5bD85uQZ1,c14ccJpCEl,8
464,8,74,iAzfLB0tNK,9qpHdMgoCL,9
465,8,0b,pVcaTlHhkA,2u5rnFwVqh,13
466,8,e4,u9U8mhTp44,dRkYt77yni,27
467,8,5b,xvQ1IxUcYF,8UQb5rn6p3,16
468,8,9b,Jvxfx5mXFF,2qlsoIWxTN,18
469,8,5b,AvmxqieNix,d4pGWSlTCo,13
470,8,e4,kdgYHSmkV2,BO9NvtqIXR,35
471,8,f8,l2HNVTWFKi,XWZu83mbwu,13
472,8,cf,2UEm5tUYsv,5UxP5NaKci,16
473,8,e4,DGCfaM0aQD,t9sLq49ahD,21
474,8,58,eHQoTI3p1c,M8hDTQjEA0,14
475,8,39,q3XEJcMl45,msGbsMT0t0,33
476,8,b0,ie06Gcnugm,MEYpJlhE9V,39
477,8,49,zbiCyLCo6w,Z1A02uUKA5,15
478,8,98,TqRZkkXgJg,AIpHgUejnH,19
479,8,3a,xD299lNBXv,UjNLgCTwW9,17
480,8,8a,7kcpVqRTR1,xhidPPhSJD,8
481,8,ca,Zde8FlTiTD,HcLS8bzYBu,25
482,8,0d,gcFM5DsSAa,w6p4kgqXUt,9
483,8,5c,fMmiIHkhZe,YbPybCN99U,32
484,8,4d,IPUY6O7aqk,0aFhgxpZZJ,35
485,8,94,vSh8ycfhEk,EZnbHoISUs,24
486,8,da,LpDSzYl673,jAkvjnoHEq,32
487,8,8c,itfoqTfpXp,ghd7UqzQIi,34
488,8,3f,UmzlUZU8dk,ErQFLK1sRI,10
489,8,ce,tuEwVhqcWA,hlVr7DEYCw,8
490,8,00,kvyj51azxM,TYCBG50OJT,25
491,8,40,cLFuwf8VQd,LuIKcPs9u2,12
492,8,1d,sqRVgDLRnN,MLzacTkbTP,3
493,8,e8,tmTukTDuQf,6FHKktWiuT,35
494,8,1e,GoicqtEeqw,odA3aUli3n,21
495,8,7c,Nyujgjx5AA,0DZlXoCSWQ,27
496,8,79,PJt8ES5I9s,SGxMOLJffO,18
497,8,9c,EAPTV7NKil,67h6R20GQu,27
498,8,c7,5WbmXrpuze,KhJ4UXgkU9,39
499,8,c2,KKqFbzKq8L,ZvWuvGEAMA,43
500,8,9a,EzWHAaqMTq,kjHTFrRbKV,31
501,8,d9,fsvpjCJrAw,rmJCbo8qK8,43
502,8,71,vdBzrLVhFW,MLETDTchdG,14
503,8,a5,tIWg9d8v6t,FwAqBxb8us,15
504,8,41,AOYMiMq34s,D15M70ICc2,7
505,8,90,SDp9rN148N,Cz8BQue2qG,41
506,8,5a,UwpdfUasGg,Kuo8GRFsBM,33
507,8,84,SKtLRvs1iK,3VeK99bjy3,28
508,8,e4,pDY0xKf5lf,mt6vlY09nF,6
509,8,a7,4XB9RsFavI,SPOs0xyZTJ,8
510,8,48,FrOAgq9NZG,951h0enMqQ,50
511,8,9d,nJ2SC2oD2c,7p0ruF41zl,16
512,8,4e,jUTWuvkr0H,GDJJ7n17Ty,4
513,8,0a,UKSaGFHDSB,pYq0S45hHC,13
514,8,e5,uo81xTurwV,Ra49a7Qoio,15
515,8,f8,xK7NIiZe5r,srwNLvjnAA,20
516,8,b8,QbLbRiuotF,CPPcNV5lVV,16
517,8,ef,uOOM2CvPh0,wQGTs2vIm8,28
518,8,84,MDrQX8IIuA,YXNZAwDp6P,31
519,8,7f,yhMsvHSqrU,9R5TT5ZkNo,15
520,8,ca,q2HQ2MWBfk,EzVg6X5K6i,29
521,8,ec,OMTRehzJft,50yudQlP96,16
522,8,20,dQJvFNiA6G,GPCeDSjiTb,14
523,8,7c,d6fIeV1aD2,5HJWWec4CR,11
524,8,48,bzwAsEM18c,m5ziSvDgm6,41
525,8,6e,EOBJsBeWPZ,uqUZtLvk5T,19
526,8,69,H0W85psr6l,nfKMURXmsm,21
527,8,ab,GmNfeqh1a0,3m4sMoQnL5,15
528,8,24,tnNVJYEqmP,ThVateXvXA,46
529,8,b9,r1uRns2hll,otxjD8rzKW,11
530,8,60,07KlO2X4QK,gwfqtATpJJ,26
531,8,ea,URbKhsJ7z5,M2j23dFdTP,24
532,8,3a,iyF2pYs9ng,mOi0vVralr,10
533,8,bc,bsbDaSMlSp,8LSl5XhTLe,3
534,8,47,FUG7WQTjDv,fdYcmevrD1,10
535,8,4d,UHRVXvhFUa,6MAClri8Gu,15
536,8,55,5K1zOGNJVK,nkTbTecyrQ,13
537,8,23,DLVLzTiU6v,kL3LpCpAdG,48
538,8,cf,JDyp6WNm6Q,a3cHDXxhOb,17
539,8,fc,X9C4zT58YX,t8hgDbf36J,12
540,8,f5,yeQVQh29GE,wGefNCag8N,28
541,8,62,uxx00USZvb,sOjoI96vAl,19
542,8,5c,7UFYB79TIN,7P7P6D1SbR,9
543,8,a9,9Xmh21tkb3,mlBVL2BaNs,8
544,8,bd,B58w3YTIcg,oMpl0BhZZT,24
545,8,6f,MNHnTiinfX,Egs2ujKJj6,36
546,8,64,9GPGKfOIQg,yB8uuftr84,51
547,8,45,6IIOoPGE8k,KxEArSJZoO,29
548,8,fb,ccD7wAWVZ1,hrqr3WEzNd,23
549,8,2b,JcKwBnpsb4,wcnGamlDpI,16
550,8,93,LA1XyEPYkq,WCAP7Zf8i5,21
551,8,a8,GplKnkeZaN,eOZJZTAzP6,10
552,8,a5,tTGyYeAJv7,YEaW3b6pS3,9
553,8,95,bXTiNqcNGq,QIafiajt47,3
554,8,61,FEb3v8Zh1v,e4HF0JVzcY,17
555,8,20,oRmFjrqnpr,UPi9fQc5Kq,28
556,8,f6,R8EtY88uy7,8CwuKDgL5N,36
557,8,e7,TNvz4z0hp1,v1AaaYGJ7N,36
558,8,1e,RcphT75fw4,8UvdJaWtBF,7
559,8,b9,581T54H8Wl,N2mt7c8fEe,32
560,8,53,PixbBEsOQZ,VE51uuyQkL,23
561,8,4e,j6CfPL82ap,N9fDzA74cQ,30
562,8,a6,vLGDNFhT1d,EmD75XUbU2,15
563,8,58,WRfkwMnKnT,L6Js7eW6zn,43
564,8,a4,pNKlQIpakE,YyPIWb4Uxh,24
565,8,69,xYHPcOaALn,ssDBc7GrZ3,15
566,8,2d,a4GOjW2bTe,g7D4XcXjJV,40
567,8,03,VDguBdhRYt,xQDcfbKZ04,18
568,8,c8,8zruvPuS5w,B9ZJpJXW3J,36
569,8,6e,6bz7x2pWEA,8gpLgroZ1c,13
570,8,9a,mSh9CA7zIB,ycDyr5CxWu,18
571,8,e6,GrJJeLPufA,QsXA4l7K9S,13
572,8,ea,jvXteoOK83,ezOqoHytK6,34
573,8,0b,nuHYPYMlfn,Y49Q184xaV,13
574,8,21,eoTNWohahX,yGuEZJBgKO,16
575,8,4d,1ksGuFjd0g,Sw0ryhGCIx,25
576,8,0b,jBHlNMlz5L,XbUn6aI2B3,15
577,8,05,O6qQwqFjtt,WiK4cpzP9B,5
578,8,18,z9QyziW7lJ,oOhJiIlZJ0,32
579,8,26,PMbozdV0FN,WgcuHwxWUG,17
580,8,2f,eMp4NmNmBs,pYjVf9tVIk,22
581,8,3d,G1dC7YzYvV,cZ3kApazO2,17
582,8,6e,04erBTpAt8,LfmHVunxrz,27
583,8,71,cPUb41oDua,eV1iO7mV0P,9
584,8,35,p8JfrF1m32,ceHJK1z07K,6
585,8,f4,XSjYLkebCp,PvemDtiWOX,27
586,8,96,AgVuXwQLdv,sPU0JfdXb9,14
587,8,f7,Jw7wslw0qt,YtuMNeq2fK,29
588,8,67,5WbrD0GcHh,1L8bb53Lhj,28
589,8,6c,3OACaTs89E,qSaEmdD9Ab,20
590,8,44,Yla62PwLwJ,U0ynYxV7rF,31
591,8,54,9PgshyjvIO,jhy3BtDwug,24
592,8,02,jluND0tebq,JBUO4sA8PO,37
593,8,b7,IwDZcno4Rp,rZlwIxnTj3,13
594,8,ea,s0zKUx49B6,3xqnandmaH,17
595,8,db,WtIyf4ZfKS,IpTmBGWgZQ,6
596,8,f0,08rY2S1duz,QmF3wONCOH,20
597,8,c1,zRGe0BU2as,flG91SIPok,8
598,8,49,agEf6a86ca,hGdxe0HDJx,16
599,8,0c,1Vy6cT37FG,gAk6dJ7Gau,20
600,8,94,cfNstVIGzs,EwqG6rH3Pu,21
601,8,00,8IK0rjZb6M,lfvRDpRWdo,38
602,8,3b,bf7fwEWuBN,kAGMr7B74d,31
603,8,48,yhvVLsSNSD,5QKloz0J0J,37
604,8,1d,JG23BbP67t,0Ac1TRnAwY,21
605,8,50,GTnyTxKYbN,CT2umqfmHu,15
606,8,61,9ltusQHCb9,6KGvv9O6kX,18
607,8,e2,lr8Uxik546,B0xAMcXeut,16
608,8,e7,gCquXcu7ph,uNDKCkZRG4,15
609,8,b6,O6yporNFoG,xMTHgAKl3H,30
610,8,27,thdCYjHcX0,y805HSkQqk,45
611,8,1f,40LbIoFzp5,IVRSKeURDM,26
612,8,da,yOYSO9X4MJ,MpTGxdU6Yp,12
613,8,d0,sA443kFimN,mFSOZ3Q3zy,2
614,8,53,yuFvy294dz,aaN5RZn7lH,28
615,8,45,Z7YMtfeLpP,IPz1RiYzRY,29
616,8,ec,XiLtvC4LmW,O0Eklhg7Yi,35
617,8,e4,rK6Of044CS,kMFCSKM2Y4,22
618,8,ca,5VT2JWOatI,tS0FaX6WPn,19
619,8,70,HMUqKdcUeu,2kMjE4T2mS,14
620,8,96,yOzivbBos3,Te2EEvMog5,24
621,8,90,0kfL0zylC7,VXHnPehrMT,17
622,8,d8,VAJMpn0LXA,PTqBsVJW4a,18
623,8,2d,4bgF2Lg59Y,aBNXSEMYKk,30
624,8,d9,vvSLuW9zsl,XksoQTFWPT,14
625,8,63,dTHTh97HXC,BjufRzKHQF,15
626,8,01,Nbe9Z6I24S,N6xGt9IMEn,14
627,8,cc,41XwRKvDwF,vMGHEPmIuS,22
628,8,7d,KyhCve9h7i,FNHOJ5aZ5H,21
629,8,ff,RIdG9gMofD,GQUpE9S77d,10
630,8,a9,1BThdmlNOm,TOAl9u68E3,23
631,8,57,GLFrpy0K4c,dmRAvPkJCy,35
632,8,cc,mu2LOtrpKL,epB5wYakwx,9
633,8,ba,GNcPhvSwqu,HVi1yjt4xT,39
634,8,1d,7nIjbGzgvQ,EqhIAKWv9w,8
635,8,35,O6rHPZL7m9,MlWl7hA8oV,25
636,8,52,Joco9cidpW,IaR8yXhDSI,16
637,8,d9,mIIWg2Ap6H,LJuXPNowKg,13
638,8,48,e9odRArzMr,GRBvxwb8zm,45
639,8,74,5DSzXJHP2l,x8xljqiuYr,8
640,8,4b,kK5tTicc87,fwwBeeBImx,18
641,8,f7,os91i1DyBi,zG64RpXFP9,49
642,8,85,XpQl6PGX8j,txkqIRRsq0,44
643,8,9a,OedlHvhAUa,bOsBqCIOYy,13
644,8,8b,iGJxniaNPS,CX8RCaaPd2,40
645,8,c8,wbBcQGVG57,RqzAYSyua4,17
646,8,f4,6ZzMcWHZle,Q5JR0lqXz7,15
647,8,03,Nx0wNKOdiE,MP2qMNbWAW,11
648,8,6f,oEBoHyXNVG,EXXcEyQSbW,24
649,8,1d,KsxvVDcxJv,EmPxhX4aYf,24
650,8,8c,6XrkFktlLw,3hSW9vDeYc,19
651,8,78,66kKwKFoCc,KuvE19i1Fv,15
652,8,38,1zdqhEGWEJ,zAbXoQLPZA,11
653,8,48,StYAnodSjp,IoGhV0FoV5,40
654,8,92,TPoh4BjAad,UiGiV6mmHT,27
655,8,a4,yOEDqqergp,m6fNBNCctK,16
656,8,47,0RyKpVwods,SOhjJKz21H,28
657,8,f5,9AWDizSDKd,pzRiI9HJIF,11
658,8,98,A51Gg3MSih,RaVHN9e4H6,4
659,8,2c,z5A7XAPr85,SMeWzBRbei,10
660,8,31,azJsmJu3OA,aL6skjowIU,29
661,8,bc,gAu5t5kc3Y,xq3NqTWusT,23
662,8,c4,n2diG0SiTo,avWkhtCTu9,22
663,8,11,ahXLeEMYhJ,gRFlcnATyS,27
664,8,f7,cPIchnTnTp,cJHWjzTmQ5,44
665,8,3f,xWKDZVD9Jz,3xbHGFAQYJ,29
666,8,84,uJxrPyzng7,6NttvNaUeL,15
667,8,b6,2XIVC5Hpej,Otxw47s4Cd,15
668,8,70,66JZd0Wwim,L1kqFIkvJF,29
669,8,fd,qJWNlYb0NF,Zpd0wNxujf,34
670,8,6b,jtp7DFWMeH,4pLoWfm0sf,5
671,8,82,s2wTB6ASCF,znlZBMieTF,8
672,8,bc,mYTdNerjEo,RnLLrRGX2H,16
673,8,76,VH98nrsHS5,YMcgldalUo,23
674,8,c1,x0JTf55NSD,O1teuimZNL,14
675,8,f7,ehWHa0Lhew,LeuJ4mxX5b,17
676,8,03,O6XDXz6Dbt,Fss82kADfR,30
677,8,02,Oq5GILHaUm,Za9hmF3RCx,21
678,8,21,lvkN3ZJ3RX,AwT653wr33,15
679,8,f4,U1pBIsyJtk,AJybb6Wfvm,22
680,8,37,2WyZqXzroS,jGC0QCN8a3,37
681,8,b6,NgeWc48tzO,WDOTfdhNNZ,19
682,8,bf,QeczWOzvyZ,GSrHcfRowO,7
683,8,54,0GsLxlAbTE,baH2WvCGjA,12
684,8,88,9ghflxHgGx,JwgH8aqeje,36
685,8,ce,kwurAqZ5uG,wJklczfIkP,15
686,8,38,0CJOP11unr,jU0SgszL6V,36
687,8,94,iXHvzNexH9,0kimDuS3jY,7
688,8,05,JKr1I3uJFw,ZzeV0FuTyS,9
689,8,7e,GlcU7azS0Q,XNJTxNLBRz,9
690,8,ec,2RgkuBrd57,rLCM1CqXuL,35
691,8,2c,8aYMAKsvir,dBO7soSlmU,32
692,8,bd,dYSL98P8K5,P4G7s5k9lb,32
693,8,9a,hYlTrwi9DS,TIrfZ4C4jL,13
694,8,df,QNJgEfS9iz,j6U34Mbl7A,29
695,8,ef,ob0kVv6waI,IK93Z11FzJ,19
696,8,38,ErodOmvhPR,3TqEL3Bxjr,11
697,8,03,ndvoT4GHYM,CjDEeiVJvA,9
698,8,ee,9e60BxUrJH,3suZGRpCzo,20
699,8,74,mzeVIYOqB1,UvvwxAFPIY,40
700,8,ab,4PrtfSLoZw,p1Ghu9CJxq,21
701,8,f5,t3OcYWRKCM,eMAZKtJ62K,16
702,8,31,BiTtHsFoTs,IXQReTHQvD,31
703,8,72,qGZMCqlnIU,6CISYQbjIO,8
704,8,0f,MuOdsK4wSx,2xPvximaT1,30
705,8,54,exakBDszey,wln3XSSHIn,23
706,8,2a,0mPcalKMSc,wOTvc8S1pO,32
707,8,3f,sv98FxMmER,JI4cJFhZxb,9
708,8,9a,GAf2nmfSgu,VQueThWcHh,25
709,8,41,0VBJ09laN8,exiMlz2hPz,27
710,8,7b,cBni0lODYo,nu2gCGVr3N,8
711,8,02,QCJn9zjJI7,wefgpDKIyZ,33
712,8,17,9KG0N72VqD,66DozFeyyX,16
713,8,fc,WaXQLcfje0,9vpsdGP7n4,13
714,8,b6,0xtAI61oef,SZCnETlkQZ,16
715,8,73,FDg2QXZF4s,cY1Cdhz3oj,15
716,8,09,3NbFMCVz8u,7OLW1M12pH,30
717,8,74,SToWLTvoQX,uDi2YWgvBl,18
718,8,c1,YHBEmcnIj5,XmsTQpnhRT,51
719,8,c0,aLNd36ZyLx,u3zR3GDkw1,19
720,8,c3,JiERzoqyRU,zoeG0muCFe,7
721,8,38,97CHHsfqRR,2QsTGXgAo3,39
722,8,0f,qQxhQ2GVps,NA6MSlTVyt,30
723,8,ba,Mf38CyNJji,zYvNJThUU5,12
724,8,82,MRnJ6YIbbl,aFjgs39MlY,13
725,8,53,wK3cibIYq7,wDoINHstX3,28
726,8,33,hNpF39bd68,rhjpdtpzve,12
727,8,1c,2Bivs3zRT8,KQBqgYXc0V,22
728,8,3c,5L7HxyAr9V,sUovuXJvfa,14
729,8,74,Ng2Uwyp49E,8F08u6PPsD,35
730,8,1f,BLOvQFUpCj,b7l12LokGi,15
731,8,93,l5ksioHq6l,bCXS3Cm2Ly,13
732,8,8d,WfpP1yRXDp,ILWh3mxmrB,12
733,8,22,zgI06oEJPc,wMqhAM0cLD,32
734,8,25,VxElnyqh1O,dPZL6B5vWT,19
735,8,30,EXnQ9puthv,YLohked8cE,10
736,8,21,N804Sy9xJc,bmhNwsH5Nu,21
737,8,73,sCVWCTbk47,ACdRPM9eYs,21
738,8,94,sQ22uBGab1,n4R2zXk6N2,23
739,8,ce,ZgEegZyWLB,Wid2QPvQxl,9
740,8,38,q66h8Es7C5,evgnYgbUn9,12
741,8,6f,NjHocRHN0l,raEAICUXUD,54
742,8,15,lB2yfEq3ix,21SqTOWl81,14
743,8,71,vMTBnr2Jd3,jgb7ZrpJV2,15
744,8,8f,oQkJkU7BkY,W3XTbUyUwh,14
745,8,82,3dBTVMix90,iVFYYAvWJr,33
746,8,e3,WFtdS4RPnv,miptbM07B5,12
747,8,71,JQJhN4knrV,WhHNP0GYef,28
748,8,35,xCn1dXrIpo,zrTZOAXszW,21
749,8,68,61GODkOyJX,qqK7lTVFS6,14
750,8,70,WGvuEIfLA7,bGQDKOanSV,8
751,8,b6,ZvgeFwwoEK,KkWvmdnJB4,22
752,8,52,DzeQqzyFBw,UAaRLKJc4T,17
753,8,7e,sKchY21odA,h2rHKKRes4,26
754,8,59,G8jKbMtDzU,4lu30ad2Ih,32
755,8,71,Pmqc9hYzVT,TT59x3Gy8J,30
756,8,cf,AcYLYxUACV,q5RdSsDxZD,19
757,8,7a,vn8xnG1uWq,Wwh7A69Qxm,9
758,8,b6,YTE8cKIfb4,tgQT55bOfq,10
759,8,ea,drbdiMtBgV,dbNdZHRtrT,35
760,8,6d,4DC0QvCQ7M,xYgVhB1Bbz,4
761,8,d9,CXXIOqWuIu,1XoJ0P0tlg,5
762,8,1a,RzfDjVLxBJ,T9YDVurSL6,9
763,8,d6,KP1Uw3qMMO,eRUk0vVpA3,19
764,8,37,6oj04fgLiS,WR1Y7FR4ah,36
765,8,ca,HBsiKLWaum,bjUno1jwGh,14
766,8,0e,Nx4Jn3qXAk,9ZBYI2BWrz,24
767,8,b9,OZwkmbS5I4,s3a2Vxcu1q,11
768,8,af,wU4B0fLHp7,b4p9Iayi1k,21
769,8,9c,Im3JMVt2iS,ZmFN6t2W0P,3
770,8,f0,mgduoh09iA,1MseObLlP8,25
771,8,5b,AZLCKldYy5,6zHSObAlVK,28
772,8,9f,VqrWtnPSmk,eTJ4PBqSS7,30
773,8,7e,K8tYjamfbO,p8YbHMLgDA,27
774,8,38,niu9vFe2NH,yW1TgaDaHE,11
775,8,86,sTJkSRCxHo,S2SrobMhhX,27
776,8,11,pGiaiCI0rA,3HhBGcbTtO,35
777,8,a1,oYBNOBt0Jm,EDhhL8PqDg,29
778,8,91,s6UlkVPWIX,EgObMoVLWk,11
779,8,bd,0nXoAJiFbF,UTLpg8gG9K,11
780,8,88,lAGTU4nU64,GEM1iIg64y,28
781,8,7f,WJgj0NiNrK,TZm07ogmAj,8
782,8,68,14qkp2EHEt,ZTnHM2CBzV,26
783,8,a8,fBQONEGjnS,rN6uHZ0cXZ,17
784,8,0d,r5xzdiHkkM,tSv3jTrUqO,8
785,8,e1,afetcZwgc6,10oYDUOFRQ,35
786,8,37,8eXIgpfM7h,GvQzkKgBz8,14
787,8,3a,azX1yuLIaC,O0GvjE7QpR,16
788,8,7e,mSDpJsrjDC,5LFse4EZ1x,20
789,8,8d,YBkEGdHb0K,kzBbYcF6B3,23
790,8,61,7PNZ99X9cB,CxRnWRRvg7,21
791,8,47,hZu7qCKobb,gpobKby5gw,17
792,8,59,hGDTGm9BUo,WX7d5gzj4N,16
793,8,18,f0BFsK36Bv,c83wOmu3qs,19
794,8,8d,6RlOdlchhC,S2pdlzeg6b,17
795,8,a3,gJ36wmvs39,px5EDcdj0S,9
796,8,a2,jz4uql3vU7,bXoD5HyDm8,35
797,8,0a,IbDN4410Re,jgcQPKHgi8,22
798,8,9a,vXGVBK77BM,QuqWeQDYyH,10
799,8,42,VmINMTnUVJ,Cj3d3mEwth,45
800,8,55,kJG1yFidjl,kUvM1wdr48,13
801,8,4b,EKPlLp1gJu,9GvcXdI4Zm,26
802,8,18,eaaGvDYXaL,lgcxxB30ez,27
803,8,8a,Ko8udwZonG,TEr79y51dt,4
804,8,de,OnJC1uB4zC,7vAKEBp97s,12
805,8,df,9D88KYL1Oy,7s3kF4iXsT,12
806,8,06,oLsc4JisoK,HruyxvcIAQ,13
807,8,63,dedjfWipWx,wpgiI0Nfu0,10
808,8,7b,gyKGqTkLxg,H6JiAbAiHI,16
809,8,5a,75RqEkS0Io,9GccIrwztI,26
810,8,26,gvNTloUGlx,jWK6ZfMhST,13
811,8,92,dxy9qnbQSV,ZsIJAY0VFL,13
812,8,94,UHrn53KWb9,7170MyZjFf,10
813,8,9c,CbCsB7rXcK,TN4NTzJhtN,23
814,8,8c,rXT03rRmdk,JbYoGYNaYt,25
815,8,69,aehCsQ5brv,KUcxu578en,32
816,8,ae,7REekXpr0S,7pxDgnjrqJ,20
817,8,dc,r45ZXZQTyR,GfKQo0R9AM,9
818,8,ec,5SbbHyskQI,AJAvqOh6lr,26
819,8,cd,BQLHw7k754,5Eh7MVhAfa,5
820,8,c2,0ngMSIvP8m,28JnMmRgrR,21
821,8,7b,AHny3CVVnU,xR5Renswqi,22
822,8,7a,RXAp0E6V3n,CqaTpI38DY,18
823,8,ce,Arud9I2BC9,wq8Tck0Ryj,68
824,8,28,uNG9f2fm84,aUXVBKXEmG,29
825,8,d9,B40bFkVNPU,YlG0nYQNbi,14
826,8,e4,L6ZsRydiAH,ovTJiWZVXk,29
827,8,83,fzSn8nhlC2,4raL8Y1Ltx,28
828,8,68,4QJ4S2lvFW,x2WcDffJ6O,19
829,8,e7,Dq4K45Joo3,9HWZphz4Ei,17
830,8,34,h9iIgE9lys,ijiojHjeSr,6
831,8,1d,Af8UnUPYhQ,VQPnWPZWHl,57
832,8,ae,QoaGe6xaop,PgkmfzXFAS,13
833,8,d8,75oDsCnMT1,sn63DAmOHC,18
834,8,47,ookciVon9l,6p2s3l2qaQ,26
835,8,e3,MaRYvRBgII,bhe8evzzQH,17
836,8,72,B57WrfvyTV,18mX6NNi6N,42
837,8,e8,rNXnevGdhS,JxSmUL7rfR,28
838,8,83,TQK38fwz6l,gOIR4XIphw,33
839,8,1f,b7uF1azWsw,51pnhWQ00j,25
840,8,03,LyurNEhoH2,QvjsPQ77ws,19
841,8,27,kHd56ZHpjN,wNr45uR2SD,44
842,8,2d,GQXz0RgnOq,lNMiFT034f,12
843,8,f2,5a8RA09YwK,DFf4UGqyyW,7
844,8,ee,g4RD1WdPz2,p3O8z3kg2w,41
845,8,fc,cgCoim5jR0,IAWu5czJ1B,11
846,8,fd,Ylu0L148IS,IfQwJFstuP,22
847,8,7c,6TNnB8LA3x,T9Ypycm2zC,27
848,8,61,UOJagmyqoj,uWULbEpK5M,26
849,8,13,uh8F4wB5PW,4mTT9D3Ezp,51
850,8,59,kR6kXiEwiF,btOBmOBpCu,5
851,8,55,MP6PqtdYGw,A6VWP7jhXH,6
852,8,5d,cX8uGDWnkY,m6RKSkCsNr,37
853,8,bf,Kl4GdqAHTG,VQolmSk9ak,21
854,8,06,AyOnz1zwRo,Z7Z3rvIljy,24
855,8,5e,kWt01cXznT,CppsMcAxIe,26
856,8,f2,5MrcMJ6utl,5m5OmNy9zU,8
857,8,27,q1tqjc3xpO,SokztkCKA7,19
858,8,1a,REljUOjQ8o,HV8MAADohz,13
859,8,ea,mzImXfVlgs,q6E0PcWTBS,17
860,8,69,IrUIhITq1h,AxqEmz1HOV,15
861,8,0f,pji04dXHQd,wvS4zzzcGt,16
862,8,62,JvmqduOvHQ,Aj0QsbEfsp,42
863,8,ef,u4OBJ5rmRI,7WVdOSgWyx,39
864,8,12,OUFRkge0pp,QpaKrZ7RMF,7
865,8,a7,oJ0MRaNtDp,uJQxQ7P7Ds,16
866,8,ce,NSlNsXi8yl,zL0Qw76RHu,35
867,8,82,yrFCKodzsI,naIwt4EatR,17
868,8,25,kZFmMgDyqC,vWPYfbjgIa,28
869,8,28,NsZMTCqGTy,DIQjhmeN7A,7
870,8,fe,pVxkZ8ibK6,QU74onUCUf,17
871,8,10,ew24u2Ij8b,Qr6V2uKCe6,28
872,8,1c,mbSA8YOTBZ,PKpahtqgWc,12
873,8,d2,znEBC4ajsm,uzuuMFQFxW,39
874,8,82,EvjZPlXWjs,6BjZdFi9OV,14
875,8,24,lkgBAwWmgg,89h5QiP9Vy,17
876,8,c1,pMy9vnpteP,tm8TwxwMwr,34
877,8,52,1SugTWABI7,Cn4KnTBiNw,16
878,8,58,JKpZsc9uYa,RTqDE13HfO,8
879,8,2a,BR2Pci03BA,eGs6EbI495,14
880,8,a4,UX7z93Pep0,4QdGrrLL9d,10
881,8,70,H2GVMIbVeL,tYI3j2bbEm,7
882,8,d7,D0bHRgVFl8,wDCqebyZ3Y,17
883,8,8f,FvarmcX8JF,K6mC7iIhij,25
884,8,af,zkbBuhWsQ7,SNz4x7aMwl,23
885,8,9d,HvoqJXQp1N,NJC5SkFGRx,13
886,8,10,w1Vaa2saXl,gRkqWWeYNY,8
887,8,a5,HdqUE3KB5d,iEyEKyHvD0,18
888,8,a9,OVMnSxvNgN,2BBzDQKXlx,30
889,8,2e,QjfpqZFfPI,gjiDJ9PipC,18
890,8,54,4SV65xKuYB,fcRZg78wqP,14
891,8,37,rvrxp7kqgm,it7BvJPVTe,12
892,8,2a,lNEdvRYbBN,8lSXCa1LWs,44
893,8,c3,NRNEbr9fRG,fClAYuYwkr,19
894,8,3b,qV2vOb8YAI,BEFUU3s9bb,8
895,8,b7,ns1YwrcJqx,c8klJQSyJa,7
896,8,c5,j1WOMb4NeD,VazVUukAbo,12
897,8,00,rR8iwh4JO7,k74rmSDkNk,20
898,8,db,0zHPyF5UdX,edXnhXdbHt,24
899,8,87,dpbomf4DnK,IiGud1MZF9,26
900,8,b1,1oLbimXhn7,d4ZDLUUjrH,29
901,8,70,9b5oz95LGd,cw1Zi0J68H,27
902,8,b7,66TFUAZkuz,LUh8JXUou4,18
903,8,2c,KECw5gpPx5,iQJt4VDgRE,31
904,8,3a,QWENqZNr0l,bMzZbRmLlZ,18
905,8,18,Mhe9ha1H9d,aut6bmxXma,10
906,8,5c,TDyU18PsFb,o2VlbXGtiZ,5
907,8,d8,pD0AqpBkAf,6srLzea0VP,22
908,8,a5,bYcEH1Kn37,KnulJZcw3W,24
909,8,9d,vNpmsSWU4O,bsbn59RNWo,24
910,8,32,aidcVJUFFt,BHziYwzxE7,15
911,8,7b,lXHcMMx9L3,cld6rwDVfj,25
912,8,4d,71uypS1d6y,BAoQ9rJquM,25
913,8,47,w2JDzsKxiA,FMeu3ZKYuc,33
914,8,8a,aoonXwiAlw,AAlqGZJjCp,20
915,8,f2,tQMInsGFmh,XDpH1bnAtu,3
916,8,64,CaoD14WR71,t7IIDjX3It,22
917,8,1b,TArs23XZNX,WlQs3z6uuK,22
918,8,cd,PILTK3Rd86,6PZGwXQ8Dw,16
919,8,6d,wEgGBB4hWE,nHVtc2bQBI,16
920,8,7c,5GAQT4jp2d,qfuYjn760s,20
921,8,d0,E6qmEJvw3B,bj9gqYVDf8,20
922,8,3d,i8yDPZ2oOn,SpkcVAJdNw,11
923,8,f4,E9IKfWf7gR,JeYzAPPqWa,17
924,8,05,XElwf9hPVC,HIW6prgCcK,18
925,8,73,7jnrwgs5ff,COy1aYo3p1,13
926,8,06,hTHV2laq2B,Kl17LryNiA,8
927,8,a1,f3xHwkExno,bYbzHAFBbT,26
928,8,b8,UffiEh5tLG,pmOAkRZp1O,19
929,8,0c,y5ubpuAa0N,kHLGRNeevH,15
930,8,4c,BmXBD5rYqD,v0b1MGFUEf,17
931,8,8a,gZNqN2nBSh,Fk4lSgVDIJ,27
932,8,69,iBsP5FjqoG,6kxf1oHUaG,22
933,8,81,1HHKRyo78I,KDM2HPW22l,22
934,8,35,ePHrqHWJ72,lqfNYYESew,26
935,8,6d,Pejz25OTtI,3azKjAwMx0,46
936,8,b7,03doKJSULM,5Vn04J6ILr,12
937,8,77,aT9F1G0vOT,3kX45aI3hL,24
938,8,06,5RDFfprNXb,oFEFWxKboe,9
939,8,f2,XHgswVWtea,RAiGnByoSZ,16
940,8,d6,m89kYwcwR8,5cDt9qCMYN,16
941,8,4f,6JqYikxeKp,oCtSIT7Euw,11
942,8,0d,iSE793kX5f,ZwhjOpZ5Hg,4
943,8,66,SOSU3iVYXr,vkQPOyZFVx,16
944,8,82,Rq7Cl255d9,IzcHVZ5nvl,48
945,8,fc,883zYGmKeM,esx2oOzxI9,22
946,8,c8,wpyvd7tOrO,iewSkJ8K8b,37
947,8,d0,cCbXW7e9nl,JuxYFSVVJM,22
948,8,d0,mk3JhEYx8Z,L9Z7Yz4MaA,19
949,8,d9,W7oB1027Wx,GQkJFuRuF9,21
950,8,2b,Ft1ukDJ9l1,sKvJYof4vk,25
951,8,00,evJpA9Tfqa,Pnjl7f3d5p,32
952,8,94,ScKrb0LGVO,BxGpr5Xd5Z,15
953,8,fd,SNQ8RtGbXa,0HO4EMCjEY,18
954,8,68,sr4Cf5olqq,Vh3x2EIwAI,10
955,8,dc,bxe7ouq7NY,pKtJEoT0uI,32
956,8,9b,mMFievN3kI,wICa3enDQO,24
957,8,13,qAug8WeLYw,EkesuN5tVC,41
958,8,2a,OURMWMVodx,JuLzf7LKRx,33
959,8,3a,6PRtetxfnp,cg8oJJi7Ap,17
960,8,02,nlUluqT6sC,A3cEr9uNhe,9
961,8,56,jfh6mpAzq3,mnT3IsVora,14
962,8,5b,pfsQMeybVL,kJbBwM7VkD,25
963,8,05,Fe8vfbdpub,XCGH9hQ0mk,27
964,8,8e,SbEeoUd0E4,JpE0Tm5MhD,29
965,8,f4,YsIcizJpHf,1AQJuZtYrH,24
966,8,fe,0Gx3ZldVVE,q38Tlph8Fg,20
967,8,e5,IuNdeCqpXY,rIzxsH95Lb,10
968,8,c3,sgjMHsswEX,i1wjRFzrjY,20
969,8,51,nOOeHaluSy,XFfJ1nOuYu,16
970,8,4f,k4Gz4MdW6c,wUf5tiLo9p,11
971,8,40,86TyOHxFer,kd8nHD3WUP,12
972,8,6b,NnX0VdhgVq,hYhKG3WXof,19
973,8,f6,V1ya4gOITB,5IFnKVNCT6,26
974,8,f9,ZiOEOY3zQB,Gcl02hdwB8,14
975,8,98,QPVMNi7EbM,cC8L4Pdw5R,42
976,8,dc,RtC9GN7ugH,Xlj2bV6hqE,9
977,8,25,L3ENDEyCtT,JzAykChXJZ,37
978,8,e2,juosINM4Cj,jf2Iq3oXJO,10
979,8,4d,aRS559ubN9,s2k0WistCz,26
980,8,86,KyaJesfTHw,6P7ibjIbA8,29
981,8,bc,CkI68aGKVw,FvjHXhmGnJ,20
982,8,28,xpAflxIsD0,RjY6eJ11GK,16
983,8,cb,4iAQkUiLoL,MLim1QiQno,15
984,8,9e,DqtlyaPVVh,aMT5VjePoC,21
985,8,87,cD4NrQ5UUH,ZkmNvYnPlH,30
986,8,5d,gJlc3zROfl,iNFNmufpnd,26
987,8,cd,eKjTGqjBiH,P57ZvhCOI0,23
988,8,d7,Oox4rMJETq,pWtPrFaXij,39
989,8,7a,nozu3n32Vx,WdnBWAlglU,9
990,8,fd,RwJjh52rkj,xiKazOd0SR,18
991,8,fc,BuJEM13ZAK,FqfVrFXS7y,11
992,8,ef,5ExcZvT6IF,6ogbwWyplz,12
993,8,1a,FHLUya8MH5,0I3iRK1SLC,17
994,8,59,REIiMF7LE0,BE2364dfkV,23
995,8,87,s7zj65F1PK,w94q11033e,16
996,8,f9,pv61EEA4wV,z53rptKVEm,21
997,8,ab,Q9XmXUzldH,8rhm05XCny,22
998,8,94,fqTQuBabpo,DiIXBnwCBg,15
999,8,0c,9ja8CwWFQB,xNGQbPjdrt,25
1000,8,42,D1x05zistP,WxNFs2PJCw,22
1,12,c24,DEAiuCBIIq,qjw7PhIXsB,32
2,12,206,RTkCIT7Kq5,MY9EhI4FrR,65
3,12,d65,YLY0NmA2zX,Xrn9zZ0UzB,96
4,12,733,Mc1timrT3o,OYAGMYYRKF,54
5,12,266,PMlUbDO1LC,S1VDj3sVyc,68
6,12,077,rqFy2N4N0O,8ygahQ6vgF,63
7,12,a85,Jpk4usUP8K,EkhLmRuDGb,48
8,12,e54,2ysm4WJsIy,tY5xcYJZpG,106
9,12,317,Y2GijKdoZC,lg8O54r5zl,64
10,12,6d6,fvLKFOnLBZ,JF0elP2no0,79
11,12,656,gMKaVj7nsO,EnruxqZ6IE,130
12,12,c8f,VQBV6TovBu,VhR3cpy5aY,46
13,12,9f5,8RmveSvq32,KDZgwdW8yq,106
14,12,368,vjpdo8e7mK,7uasStdKnO,91
15,12,c1e,zNYwjJltA4,PiPSg7pxuW,72
16,12,319,KapHB8LoU3,wP2c26J96M,197
17,12,f67,FdSore7XBl,xvsxcbGMxo,31
18,12,911,g3ZNuPCzR0,9RrBjVyM4x,62
19,12,d17,8Z7pMmxOga,axWbqPoT6n,95
20,12,ff3,i2by3Xvcd1,Hx8NWGOP1M,21
21,12,837,yTkis0lj2s,kaUdjgSMiP,135
22,12,dec,as6iDCKEv5,3yaSGLgiLC,68
23,12,97a,qPOZq2rSAJ,nGu5xsvWio,99
24,12,330,Svi0FHwcDt,6vNFmTwWtN,45
25,12,663,ED4kTBEevx,XMHKCuZZGJ,104
26,12,f37,q5HyXftcmj,063u5Nk70R,61
27,12,998,4blFOeZNzi,9yDGh28cYu,54
28,12,895,sWpMJ9a5NT,9dSgOeFf1G,88
29,12,1fe,cwOZzti0y6,xvyNQJXvKG,164
30,12,618,E98PELJrBG,aG9PsbMUVi,79
31,12,f9a,vlS0s3w813,YWVK8zYiu0,91
32,12,b87,WTpXAQwJHF,XKjJlwxALr,61
33,12,50d,siURqhYiZj,vnp1G5VDn6,79
34,12,5aa,FkVPGcSdVA,SGNhn49BIz,106
35,12,415,0qyDK8va2X,21bOACQcKm,33
36,12,e65,9iHNIBoEub,dW7lH1GTrd,89
37,12,348,j1P91XOMHA,M6lymkAQGf,107
38,12,053,KpMTPrMd7H,uM73iwcXjd,9
39,12,b1d,3jAAhHerxd,UjPiX5Z9DH,137
40,12,4e1,MdJbNaZ37D,zJMqQs6gSd,64
41,12,6fa,quC4jkI4WO,RCULvg3qHg,75
42,12,727,JjOlNjoVKc,3EA2mzKwe4,25
43,12,9b1,gSi74bBkUo,YnniaSAmSG,43
44,12,8ab,REEUniaXnm,xTDD8e7taB,57
45,12,a16,2KMjacOd18,hJ2RyYArNc,146
46,12,316,xWDzdwIlxT,BzBBeuCpGq,82
47,12,dd6,rqEsHJzJh6,VKsiZpxVE9,118
48,12,a70,zbYTePa2qq,I12yEbPwOv,49
49,12,ad0,dIgP0x6GzE,qYpAkaw4BT,93
50,12,e0b,can1Fk57MK,1m38EDBT8R,68
51,12,536,3fmj7R9kCA,lICI1gd7g9,73
52,12,824,z4PV8hXWlX,TCHH63mEpb,36
53,12,945,m9D4bciAQv,O4DRfSFMtc,80
54,12,7a8,16OXcax4mI,LQO3HVA5YO,139
55,12,1d6,6UsDMiirt7,8F64fekXi7,16
56,12,bb5,75RMDhDhYU,R6bJMtlBR5,66
57,12,b00,1hPJBsHJ85,mT9ofGyDMr,39
58,12,9f1,qj2Qm1iIs5,LvGRilmXbh,118
59,12,5a7,K3uZsze41B,yJCuluoQ8b,70
60,12,b0f,qVVTVvWF4F,M3JkLPoVds,94
61,12,af6,19cWD7dc1i,tI9KZ1aGXX,128
62,12,9c2,g9eZ2k6Lln,PwqRNUX0r7,81
63,12,2cb,g5aJfWsPdj,gmRL3mjOvS,33
64,12,979,NPkp67Z8uJ,LiiKBpHwk9,60
65,12,049,cvByyDsOCX,mGQvmyWbOf,88
66,12,de9,lRsokQ6zHm,6foKLPhdPq,105
67,12,141,5ZY4FN1yWv,f9JdF9LUHP,151
68,12,f1e,UxQpwWtMb9,UaJhLl5ILa,56
69,12,d76,fY7rUBDd5Q,KHFmFPNVih,85
70,12,544,tUdelp0pVd,71do9p9cwk,64
71,12,d46,cVDiXbvdCk,AVXXAJurpX,106
72,12,d2e,e3hMq10SuL,y0QE58kam4,106
73,12,5ae,xtvArHCWZP,t8mwhycjjR,143
74,12,d3a,qTYt60UWux,qh9DKLdyuY,82
75,12,598,HzwJyG2dTf,YGieIErFO1,124
76,12,588,AgnPY671gt,1QkKjGLFlx,124
77,12,44d,lrobOuZKKX,hPSlhuZfjX,53
78,12,ccb,Qv0dUpBBmE,YmEIP51J4d,121
79,12,db8,s6BxSTcxI9,hEc2HDLam4,123
80,12,1df,ReDrQg4OrR,LMIlLoQWy3,67
81,12,6d1,RRJC9h8qXS,5lqpLZvk6Z,86
82,12,3ae,iBb0lH9Gxk,cTfHRMlqrW,70
83,12,6ef,LRRrwKzavr,1hBMjmzZTa,61
84,12,118,S6o9lPLdgG,FNvdn5TuVE,52
85,12,820,sIPVLWwTsH,xAsPhvfF4Y,123
86,12,9ed,rCrJDTkpyr,WEo8SdP7Lo,145
87,12,97a,gp07tRgMBZ,AgVjeZwAee,76
88,12,14f,byoIMjfqc6,tiTIN0yVUv,94
89,12,7a4,w9lih1bueI,8tjbYMjWkj,74
90,12,c3c,xRhla0wiNu,N03qeYoCgx,55
91,12,fc4,FDaDUlMCAB,48kpDhEYpm,171
92,12,c3d,01Cy7F7jhZ,6Y1u2dxvkN,93
93,12,b89,eyPUXGoBgO,E9ESqAqDJH,53
94,12,b0d,12imkDQies,cbimXSpN4P,67
95,12,11b,0pNoO1aNsi,49k1NF3RmI,74
96,12,58c,EWRAUr9sMA,h9krRDmr7V,49
97,12,ae0,0bZyuhPy74,AlKOtdBhQe,161
98,12,cc4,DUUWCmWqGn,n88oMSfAHh,75
99,12,e3c,W34nIsvxMX,mCtTF9kcOa,170
100,12,049,4ygUgeEHP7,LRAFaQrBES,75
101,12,6e0,8z5zcJFoUF,jK0fzwal7R,166
102,12,f07,VHJdXAr9CB,RJ0x7Q0GoX,42
103,12,148,7VnBD7jDre,0zqoa0LQqV,86
104,12,3c7,Yem94wPfum,XBPx4qaiNp,81
105,12,f14,y1DrOPAoaI,skdoMB6Wci,25
106,12,801,okRbuDxv3D,YRAPZNJMXF,106
107,12,954,aVBY3YLynC,FWBTuJzLDP,64
108,12,7e2,mNXE79bsjd,eHUjeCOSqC,18
109,12,34d,xBoxd0qXhB,34t2OY3GcJ,86
110,12,1e0,BqQtY8gvk2,myAI3dJpZY,25
111,12,4cd,LnGPbZx6qn,dnu1lhQ28X,84
112,12,717,5pDdguQKkv,7Ggmr10zUX,85
113,12,b73,gIYPHv2GRf,x61dHgtsdZ,165
114,12,151,zadFOy7Md9,84sJOFRWMy,56
115,12,658,1S9tPVnVc8,ZtvivW1hra,21
116,12,7ea,ssuBur0zq0,b8Pg8xGe1l,146
117,12,cd8,ooB7CKjUc7,RGYNC2cHQy,54
118,12,545,RbP7CcFmfF,Lxuezj7KXp,126
119,12,d53,3xOMbur2RI,oS5wuju0kZ,82
120,12,23a,PY0yqBLUfC,xMPOPlUag1,34
121,12,a2f,CId8WPenCf,EyxQOabZSG,161
122,12,48c,P1W005DsBR,fkn653tgMq,74
123,12,e4f,wVwcstSKZQ,s2F4q9ajAb,78
124,12,f93,rzAfH0BUbZ,6iyKryowou,147
125,12,3c9,zpDqlMP2kP,q5qYNfjFof,89
126,12,4ba,XocPmgphYj,e12mznMYHx,94
127,12,614,ElWV71viev,hVDpHR1Rrd,95
128,12,221,VxDO1CYdwi,ryqWXdNPIy,62
129,12,07c,jGyhVZ3NdI,VyRwSx8xqx,58
130,12,9fe,UbHoTCUUWK,MxOtokN3q5,61
131,12,646,AogtkO8cjo,JALYEfEfTe,96
132,12,1a0,3NNmkN1vpV,tQXf2CBypX,26
133,12,74e,JXOH4uTDPj,haX5gIwi6u,48
134,12,43b,7UP0Q8EAbp,JjJc28wp7W,130
135,12,cd8,5C8urKMfaV,gznQxUgEg3,74
136,12,e2f,fqlAKvnBfU,C7fvSRdIAS,72
137,12,e32,3yUitKyTRm,dx124zkAcM,148
138,12,852,W2QiFsHM2R,4dDIrfRdmt,31
139,12,21f,UoQcxS4f6y,6uELlBOomW,110
140,12,5b9,pvaLQGzdY4,qNbEMYKrVl,62
141,12,60f,eCueLi12Tj,8pLIH8wnQq,57
142,12,fab,xgxEtu1FZd,vGPLk0jsrr,33
143,12,921,t3JyFP6rCz,qFCinYOuGo,107
144,12,02c,QRXfn3RbmO,oyWfUbGsfJ,36
145,12,637,tYnvdedYxu,29cOpsIZvq,36
146,12,b03,1LGbuH3BL8,eqm3YcF9fI,99
147,12,888,aHe2L3n7sx,0c7Qw9KZZC,53
148,12,3c3,8XK9L4W6dj,sngwdZp9vo,84
149,12,011,HSj8MK11hf,hq8qM5CIiz,155
150,12,409,Hw0RZPLn5J,mL7TOi8kn8,67
151,12,8aa,ZcTEJeoKSU,gFD1bLubu6,57
152,12,6cf,5e5zxc5anG,yb5yd2XmaC,84
153,12,862,vFSALFb6LK,hNsJyWQTy5,57
154,12,656,IOjCHgD1Mm,Omcpd2yImu,86
155,12,eeb,YPy0RDOHnV,jP5qyY59rP,85
156,12,921,oTCViRv67h,JBtrKqtDFF,109
157,12,70d,jn76M5m4VL,eCQTQAMgi6,105
158,12,f2d,i7XydOhvcI,hrgsJja4d7,51
159,12,9af,a5ytJmAAHF,fWDtxge6vy,94
160,12,1b8,L5snLMV9qz,zj1usaBYPq,191
161,12,bfc,gi3o1YrOU7,f0SxlLB3vA,157
162,12,cfe,yEXyrYOm9l,AQUL38nuKH,82
163,12,4c6,tfQOmIu8S1,ms6reLtRUU,92
164,12,fa8,pNp9IouPNe,hTSnUk3Ruu,35
165,12,240,kM7NdjIGb6,xzGZ4bIkV1,115
166,12,0c0,tfZvCxfJq7,LmYN9VK9Zu,85
167,12,57a,WHhcIBEwSs,SK6k2GKXrH,102
168,12,78e,ZApeCjWd4w,TIXqzKmPAQ,154
169,12,6e1,3p5mUx4EWn,QH44FahjyY,99
170,12,5d3,5CQIR7ATRD,98qKYtZsAA,102
171,12,7f6,0bf6azIncj,UC54e7VB4O,165
172,12,532,zH1L70sS2R,YdnOnXUPlS,70
173,12,a2d,lvUYBSSQSa,ZRgoPDBNyu,155
174,12,cdf,wRPfs1BhY3,U3ywTFnr2l,82
175,12,299,MC1XQL0COL,AhdeVTVO3w,89
176,12,b35,EgXNseldxr,CE7cIufxwA,68
177,12,724,CARrskvcjM,MHYc5UP79I,22
178,12,255,IZtGC4LpiM,5AIuRIopES,28
179,12,abc,vdydzOQwdP,F1fTa77r9s,72
180,12,297,yocsIR19dq,aDLXHWzqeg,104
181,12,3de,LfItMtgts6,0wHOb8Tt8z,67
182,12,020,dTJx05TQCx,21NLpivESi,125
183,12,01f,7NfE0VYgXB,WqQqIk9Mx8,34
184,12,b3c,iUDLOMEPuO,xCBkizW79h,164
185,12,7b5,2NhadZf89K,uNCa08eHri,60
186,12,a87,KShHmSkju7,9CUM5pHL0c,32
187,12,e3f,kFtO4zONPD,PO4vgIK1Sq,52
188,12,851,XRrcWVqpgG,SEVNExwUhY,100
189,12,f68,KRBR1fDWHr,iRutoAW5nC,69
190,12,39e,tAxUmgpfUm,740JeXHUvT,45
191,12,06c,Dt8FrK2x7a,ytrZS3n0pH,88
192,12,b9e,bPlUFGZtg3,fDKqJ3Uzrc,95
193,12,016,JAXJoFiYa4,rWBjiFWDKd,53
194,12,11b,d2E63md59K,BuIsUf1Rqq,117
195,12,52e,qTsPep16yd,fVikDQrPh7,144
196,12,66b,2oyYkNzd6K,suyvhHEquA,94
197,12,414,GzwNJer2Jh,ZdumbmPHyh,31
198,12,3de,MPNAdhb6nu,sbL2aLrM4g,127
199,12,5f0,VmUqQujBCG,mR6gQOsDvo,67
200,12,3d0,DQ0OPyQrhJ,SeqW17laZH,97
201,12,93e,LZlRJxIuPr,EYFPI7FmVJ,161
202,12,260,sBsY33NO5K,TlrgPkd9vH,25
203,12,9ae,DelI4QnthB,Noj2dVGNtm,45
204,12,c42,rmMM0uK0rU,v4CM6HYbS9,33
205,12,178,gejKfcre9R,2imyced6sY,53
206,12,f0c,jUKDsBCLcA,SQfJrIOwjb,104
207,12,be0,B1jCks6YUc,UhDyqkCCKb,71
208,12,0ba,FFPkZxkvor,4rlSQFkFOk,108
209,12,cec,D90ClBQ5dy,Oq6jOEIZDd,136
210,12,e9f,uZmMdR5NUj,Z28WdLfATf,60
211,12,6ee,6ORuxIn89p,PgJ73JkiWt,60
212,12,29f,2sLeW6AiFp,fpiU9jIlV4,52
213,12,bd0,CFKkfKQwSw,mNz6Vzv8Yv,69
214,12,0d4,18LK9QUABT,tqf8eq5lhd,147
215,12,2bb,r0JQvYzr18,6yh0y7IEVJ,15
216,12,dbd,XaOUYspLU9,mcpuLGGYGp,111
217,12,d8d,FUOoa5lRMx,Unw4Z6C2NN,106
218,12,934,DBCOGbVVr6,7siNyYTcfl,24
219,12,ee9,bBEFBcHc9r,7IdKH1tDEh,87
220,12,33c,qOPGSXoZD0,gyWqI98YRb,163
221,12,d16,OHQ5StrNWq,kczhFuxPB9,59
222,12,273,W4fE1u835U,LxaIxyqJkI,128
223,12,181,HD2iN4oAG4,MiWVzxxDAt,204
224,12,022,4PdUUHqwRh,7FniD4yJNE,45
225,12,f5b,lU1CkadDU8,Kxlrxfupo2,68
226,12,321,DVTZxC4RVE,Rs85zL3uB2,137
227,12,3ca,QCQQK1dC2i,yOFbORNwI8,136
228,12,f02,AtSTioogLN,nHzs3LOevF,45
229,12,390,0RwfOqlqsy,vvJl5fWNn7,146
230,12,102,zFS5mMtclk,QGEnBqIPTZ,131
231,12,375,d6Wzs6xjFu,hvVmgvY8jC,91
232,12,ebc,rtuCJiPNTM,rAqegP2z4i,42
233,12,818,e8lFdLixc6,3t6xLFdbE4,22
234,12,889,4nqKs79X4u,zYAbXoRBe0,155
235,12,644,WPxncccOHH,r9l5AEQ1vH,60
236,12,29e,KZSPho0Khc,7SC1NUfZHx,11
237,12,71d,NspVctCZT4,BrmKrrAtze,64
238,12,51a,fgIQnLdyJ5,L57bbzBeXW,78
239,12,548,8sivYmnVbD,WcWc5meByg,77
240,12,63f,s7QFDszpGB,0Tw3PNcBrl,73
241,12,979,p6Bfbc182m,njNqbU5L7F,45
242,12,ea5,d31yiAn5bp,oRgreOEs7d,70
243,12,584,JZy4NjlsYi,XjU4NBUezw,52
244,12,539,zGR0WYNbu5,3jPYuxLmsH,63
245,12,d15,HabC620wzC,ctSZ25sy8h,63
246,12,156,KrGNAbcR8c,RKwKhqEoAe,67
247,12,657,74YyOLALDg,uq8XRvfTab,122
248,12,20a,LsZZ7MZQgk,v8sQRyvJSE,46
249,12,468,beuxHpCJdK,KkFWRnplhE,120
250,12,a2a,J6JbAWmR15,G4jb70DhWk,133
251,12,d64,Ms0GAwKwB3,GvjghDdfk1,29
252,12,098,iDAxHuB7GV,ojZ2qB8D0v,56
253,12,a86,jG1Tvdpm9P,g8bYwlwSKE,38
254,12,4ce,Fxv84Qsvhl,WGu34QDyPE,33
255,12,43b,h43lfAAXts,xf4G6DEScm,115
256,12,c03,ui4inrWaMT,MH6FOmnGqF,88
257,12,f9e,YHsUjXebng,e4q5rzCQIU,56
258,12,e43,aJ0PlmZO2Z,bd9ldjFcen,60
259,12,0f7,NXEfi9pJ2O,FYWcYLWMIf,72
260,12,8f5,sniVthHzMB,P8NKfkswPl,140
261,12,510,PRl407sMVL,MIGX6LUCSx,91
262,12,46f,mvWcOgAZa3,cTyBeWxrpt,27
263,12,51b,koEzplXz9j,OpuXM5IrJA,143
264,12,47d,Zl8AadK6lc,elAcL540ZZ,43
265,12,ad1,OAfAuweWD4,c9EYBnyicr,76
266,12,0ac,BBmfzb3al8,4KXkDUjfz4,67
267,12,c42,BPXgDfts1O,B3VuWdXkrB,97
268,12,15e,jowFipq14k,uZ0Xh3j7LC,116
269,12,787,CwcDqveZQg,5EsSI15upG,69
270,12,971,9dpIIqy3Ri,AKTsbyO2oJ,84
271,12,e94,zEpq7Mhh6W,AYsoWSlrZV,121
272,12,314,hMRhya537Y,vIQssepoFU,31
273,12,bae,08PYogEGNR,Vo6vjCfrye,25
274,12,9c9,XNZtv8cnFT,AAE8MWdvnp,93
275,12,996,UVJkTZL8x2,7DgPPnua7W,61
276,12,e1a,CJ3O8G97lG,oPq6IvJzdS,51
277,12,8f8,8xUMDYgPx8,tw8MJFdSgc,84
278,12,a7c,YMnnMAueWu,OdoY8BXRaA,28
279,12,7f5,QKDbU9spuK,E4XlWh3o7w,109
280,12,a48,tqttX34nbX,zhCCdC9QI3,83
281,12,96e,XVzs8QYfOt,8RjNirSP2y,138
282,12,58f,OI62zkTKJu,rTHhAb42pk,59
283,12,dff,hbl2djiaGq,nOdoVGxLJ7,67
284,12,9cf,Qk3ASffFXM,ZLANcPLVMX,45
285,12,0fb,QfyCPaB4o5,EAzGr7wGmC,68
286,12,ed6,evhU9NNA1D,l75s6gbB4c,37
287,12,571,Z0ZDKVUICe,zzNkKyCxld,152
288,12,029,Zf0U7J42bu,DwPZcVuTr6,82
289,12,0bb,t6UZCe14bq,bhzdpg9zsE,56
290,12,ddf,xOpcN6eTvu,Xiyav3Kzqb,57
291,12,16c,osZYphbesv,4yFytpKMkb,94
292,12,22f,S3Qi1kfvZB,a80H7KI8pe,66
293,12,1d4,zfeGTAwBW2,XxWgvZY5b5,94
294,12,f49,WO6kv3uNP4,r5weFBv1WO,99
295,12,a7d,q8VoWp9AY0,Zm09o8wDAn,52
296,12,968,aqy3oEjAC5,FXZL5qtthd,26
297,12,836,J4GJWxpvID,WWtJ8VSD5o,128
298,12,2ed,fOUOu1Qa77,nl09ji8qg7,151
299,12,ab6,Vi4s0TxLgh,vrFjYcfZp2,38
300,12,b15,EYUK4Kfiv4,iNNaoDdu8x,105
301,12,715,lUvgmSWilf,5joH9Sq8Ie,78
302,12,1f0,q5xkEzJdls,3NeZgsiq5t,49
303,12,1dc,ioEcFDCWR5,VCGpDfLKj0,165
304,12,6b4,rQNSaQGxtn,mkQpfsk5XI,5
305,12,6d8,vAiYpEY7Yd,4helNa522M,53
306,12,916,9ubP1ekghG,nuRloKPUKR,40
307,12,b72,GvsWxQKec4,jalljSZMwS,53
308,12,b64,1RrxByLCsg,LWKN3ttZ0O,21
309,12,836,MeSR1SAVM8,ZTnegFjGcH,85
310,12,6d7,0h8qC0yWSS,yntMx49BL4,147
311,12,929,egKSBjRfrD,D4Lvjfq8y1,111
312,12,9e8,WdZI1CQg2U,9N4x73Equ0,57
313,12,2b1,4SfCbKYoTV,LJF6YaSgqB,259
314,12,b8b,6jOvU2mlOL,DVWUbAS7Ay,85
315,12,b9d,FfW2l58j5s,FS16uc9QbF,62
316,12,fba,ugEPsrgwfA,8vyXeDo4FG,89
317,12,802,tASulYY4MX,iIsO8Idgwr,132
318,12,ab5,Kw6LLWUach,xVnGXUhUva,119
319,12,aee,V5TOrOofS6,go1coPKy26,39
320,12,822,n0SUe4zi5g,flCxlhoVpO,119
321,12,c7b,Nt3C8GhCIk,eWiFs0qB2V,28
322,12,7f8,ekukJ5nj5f,zwLp3YpwXJ,140
323,12,f5f,rY8igBdyda,vyqaHmuwfL,26
324,12,015,9DdshIqbz4,kknpypwDk5,104
325,12,af0,KozAdpRhak,cM5IGyA9BB,16
326,12,84f,QtJLiiNMSM,aLyHTi1sMQ,197
327,12,36a,TnLri9FWCR,xo9KyGWNGb,71
328,12,344,SXdVnFe3GI,qIqDPNgG7p,67
329,12,c8b,kw5ucfPRdY,2MoEYGwD40,110
330,12,e81,KWuhNFDuCJ,17k0dbR2W9,39
331,12,e10,Yj96pf9Hge,JBX6FS0v3x,167
332,12,432,50Nxy1wnR0,NVYA9MAnPr,128
333,12,c96,gfyHxGOw0c,xlvAMgTCMB,42
334,12,63b,UIw6AHqiKi,hLYigtg5Bb,93
335,12,f27,DBxjHAhIGd,53ZkaGhHCz,113
336,12,4c7,5aMvYMzeBc,AhAY3QYkAb,67
337,12,b8e,FdPczR4cvk,BlwFiRlZB8,40
338,12,15a,8Pi7ySAeVD,woBjd0YaUG,102
339,12,f9a,mZg8ODFVV4,vnLUnpHKVh,99
340,12,661,ZKYSZzpcEm,ylaZS4So8z,53
341,12,169,S0PTqhJXN4,3yr5lKyUqE,89
342,12,cd4,RerC08W4KF,sXPG0AZJWL,56
343,12,d56,wGMDvmsDg8,9Kj74Gsua1,102
344,12,ba1,QpQZnKsU0J,79wDzGkt4r,31
345,12,9c6,KztwhgskjM,xuMuuJ0230,36
346,12,b21,aDnYjliHKe,qLfptIZvxX,86
347,12,e5c,NVOEFTHJKy,sjKfxaxwpI,91
348,12,ffe,8OwLdfDV0f,tMHkGQtV8P,68
349,12,0fa,ME4wIabhfO,yMsuJKIRrE,84
350,12,151,hnXggmVNhi,dQ8qqBBp9w,119
351,12,b64,aHsMbGzTNg,oMAPzdqX6n,113
352,12,24a,RXOt6y8m4g,NB1bUCEOq4,8
353,12,649,XCkV74sVt5,QRuLF893s5,102
354,12,428,eFej3QwO65,3HPGhiLVwV,77
355,12,8cc,0FtzyKhxcA,FH1vAax7Le,81
356,12,dfb,G7fvXtmY8V,KTVBMAUA5k,83
357,12,92f,PiKStt54Ph,6NiOJsNOUB,133
358,12,474,i6oI71W8u2,aka9nxpqsh,77
359,12,d34,NRFvemnNTu,C1NjsrYG5d,111
360,12,329,inso8oca51,H0A1VFZTJS,29
361,12,bf0,ptwEBrXiDZ,jjLxzPGa7R,84
362,12,f37,VC6zOo3KSj,sKtxE6IkUs,104
363,12,8ef,ubAhYWXzzS,7sgHJxdp6F,54
364,12,936,mShGHTP7yk,uX45ghfqF1,99
365,12,b27,mSpppR83KV,yWjaenLkvX,121
366,12,2bc,qmHCBYXKvo,rK5jUMbPLK,49
367,12,bdd,XTt85EtTNr,j1jitUvQaw,110
368,12,7f1,zHUfmSTXbw,JKlLLppERs,47
369,12,a68,qncGmXiolQ,UZOjzd7s2s,125
370,12,89d,JREIOSepQV,GTGYz8zTrS,165
371,12,251,E8kwELPEEt,jfulMueOyt,157
372,12,f54,dJlVunET3z,NxCjF4Y2lr,49
373,12,1ab,BMBef2pd0c,oSp2Fz4byo,60
374,12,3e8,yLEJZKNngc,VqohIdaBf9,71
375,12,d5a,4MGqaAOgP1,UgLQ3RrhvL,61
376,12,58d,g5m4HvViym,hxhYlPuCPG,101
377,12,14b,2dorMfNdIM,kLZ6pZ8vd4,132
378,12,33b,1xNLJStJ0J,28QB2YUGNj,35
379,12,6e5,HfSqGK07sS,KRAcTMkV3M,93
380,12,edb,5Afrq7FswM,OPyVG7BJLe,43
381,12,7cf,IwfoTDXbXS,TyyxTyY9Pv,144
382,12,613,DX10CgvbFh,t2eKgMwCyd,79
383,12,7ea,Il1TKdY0W2,4PgKVaVvMF,85
384,12,2fe,B1T8s1P8Hm,1AtID0f0kn,115
385,12,ce7,d4b0WXRMyG,ivg0fjoU7f,73
386,12,11e,1bMOljnInq,zM9KJ6WNPX,104
387,12,455,9AgkrojS7w,jOgRTTLB1P,101
388,12,364,vIp2Q7WuQW,uVw15k0Zsf,33
389,12,d44,YZTStjfm3W,Tl5AsiSq5s,57
390,12,b5f,MOnfHxroHR,0UWVsNihhL,100
391,12,530,u0bS6iQ8Cv,WMduPDtbPH,75
392,12,3e8,BwQ9lSxa3U,6xXUUvd2sS,93
393,12,524,2xoxFWtVZZ,4GnxIS3Ukh,118
394,12,45b,fynHPTXrTa,XIi24XJsUp,148
395,12,de1,ODTtSUpFTo,8eS6p7Smu5,149
396,12,20f,zYcDLFlpnm,koMyrYLTSV,56
397,12,ff6,F59CIBGSBo,dcY0nAKYth,94
398,12,e5d,ROaE7CpQXR,k3a2q90d7w,35
399,12,478,jilbeRTqqA,ck8ISLEfHR,119
400,12,eff,yTeOPjPqwn,c6SnlCp6ff,62
401,12,452,GK1cnDN9Oh,LZupmLNear,94
402,12,61c,oss9rRt1Wk,5rWQBRZTAm,49
403,12,c0e,C7ELeNmU9K,Maw6m2VQnm,98
404,12,8d9,9vZlnE3uZ0,9zKfSNuL9K,93
405,12,e10,he5i6yNQCq,L73uDHmJ7K,108
406,12,624,oQQwgQp8MH,U4qDIOHcu8,139
407,12,09c,VvrvQhsIxe,qmhcPA2aEQ,64
408,12,49b,pXGDwei8g1,JOVQ0tAnfw,11
409,12,ebb,UBiCndckiL,bxNzmknfsZ,37
410,12,b46,JHKyIW0BTn,E0KVz51J9w,22
411,12,760,VKMHyTQn0Z,AYoa0oAqqP,48
412,12,732,vuffGN0eJG,YRM4U5Wjjo,114
413,12,04d,CNBRnjCe9F,rizFSYHrG7,51
414,12,eef,mI6RsRStuT,pjwIjpPtHI,49
415,12,634,ww3vjwXEFz,nw9oKa1Lkx,23
416,12,a70,J4k38FjRkR,lKPBJ5LX8c,100
417,12,9d0,E9LGBsZaLP,I53lhxKYLB,120
418,12,87b,Gm8o15CmUC,EdbAQZytF2,110
419,12,d8c,2sx4acTOkL,xvxkciGVkV,99
420,12,8e9,91AvT5HwRy,HIjMTLdcMi,58
421,12,b0c,YYnRMizCsh,TbLweoqmkg,110
422,12,1fe,d6kSWYlzsd,6MsgXfxqmx,54
423,12,892,POiv9U49Ho,74SQ1RRsLf,12
424,12,f13,OFo0XXA3Ly,npBqopJDR5,58
425,12,fd4,CoefGatf7V,F8C8j2Q21t,112
426,12,e32,rKMt6wJovV,wSDCDkoTfM,49
427,12,eaf,JnxWZD54C2,v9c15cQG00,49
428,12,e1c,GMkdIQQNfC,rO3bhOU6AP,98
429,12,7e9,wL2YKHDVoJ,vQ1rLbcBzr,107
430,12,a3c,qgAW1Z8NUd,FebtHv8bXG,98
431,12,1dd,fa2CQiSag8,M6YL5Ky4NX,130
432,12,9fb,9lRX3g4HNk,qH0SNQPKok,63
433,12,3c0,DLORDgxh14,BZceJfslU4,113
434,12,c4f,XU2QQcOvIj,TXpQOkYoPo,218
435,12,38f,9Fzv0EJeHO,WKxKQpsW7R,135
436,12,1de,okPFEOJBEo,6inV17EXnk,24
437,12,cba,sMSzGvNNxh,CzWAOEcbKL,79
438,12,319,caWJnUppkh,M52KhqgsRB,15
439,12,eb5,cX3OqYDjn8,1q9FWeGyjP,66
440,12,51d,JF3otV4mUo,LKUj2bvUuV,41
441,12,b72,CZ814sed4g,ceJKcdlc2l,73
442,12,941,v4aXg5QaLZ,e6mT9acSRC,38
443,12,e6a,WVzS53ICZ2,o9LWdeGsUu,101
444,12,92a,G1E9h1M1Ba,7b23RowGyh,65
445,12,1fa,6sRDYye8se,BzZYawW7VG,132
446,12,969,AWNHIat29Q,MJsDeawwSK,53
447,12,fbe,HQ60lgOeh8,9PcrduTPkm,60
448,12,ade,P9FLJjNXih,8npmB0b8ad,132
449,12,e39,PY9BhZooqu,4cca2kMdeS,77
450,12,461,ECtIZhJcWq,NKi7lm1vmd,71
451,12,053,aPx8t6triX,YncANopBmM,11
452,12,661,SZgQwZlm5j,0teBNkMbaX,41
453,12,b82,uaKlCOIuiN,qSb5OhDKGB,75
454,12,dfe,uh6j9sFMxt,9vYZEym5Oe,114
455,12,a18,Bz3qB0k8Wv,lQC1cqavK4,95
456,12,d39,VQZFxTqnUW,ajNqxxJ45K,132
457,12,791,uKNTdRAcoe,AyDQZEDdy3,104
458,12,513,XepbFIJHq8,V02kv2xV6Z,117
459,12,2dc,AIMzhXnsdi,94s9OdG4Xd,76
460,12,c23,sjDYfuX8s3,r0kj0fK80v,178
461,12,31a,8vjkvC3oDK,veB05GpT9M,76
462,12,8a4,NX1XAD3weu,Ct4x4hdgGE,104
463,12,29f,9yMbExh9j7,q4ZiFu56CV,93
464,12,f7e,dhpDFP56xs,Kfm1FYEnPj,17
465,12,dbe,7RheyyyPfy,3zox8dHYnv,57
466,12,f17,EHBH2QvcDJ,EbckiqW2CY,9
467,12,ab9,sWHK9ntxhe,sh8pk7Kpn8,43
468,12,3cb,3ACrR2D9Am,RiQrP7phgG,63
469,12,8a6,2F18rhVLxJ,olpFlmJyUh,20
470,12,ba6,BiUQwuhjfL,n8oLXBpTnb,113
471,12,ea6,5eEqTiK2db,8MSV7TrzBN,120
472,12,47f,Aqh8moEH1i,Qc142rKRNW,96
473,12,468,1qxmyWK83R,pu7N9g6wJg,42
474,12,37d,S0ZJV8LUA8,d9YQJDY4v2,137
475,12,227,FsyqKZGzMc,oFvatWibku,54
476,12,767,iQNhA7bAI2,g4Yoliq2Ij,194
477,12,318,7MdqW4HvqD,PnwF1EdpKm,98
478,12,c49,otvNnFHMMD,qOTBq4MVSG,94
479,12,a1b,UUTtbTBux6,o2ZqqrsGB7,101
480,12,6a7,aws5mj7OEh,yGaJSgElKX,33
481,12,2ca,5HqTaHdb5t,t2bF0Zz05u,107
482,12,277,3JZSrM1crH,fI91hTnx9j,13
483,12,ca8,7NDrwVHA2k,ABF9f3M1sw,16
484,12,d43,5mYEjxHmau,H579MX8TsR,110
485,12,427,vvh5IpPpZx,EhBcKdt3U2,47
486,12,bcf,EDfj8EtItI,3c7XQKeUUT,57
487,12,46f,WtNSUP0vgH,THZQhEVxVu,110
488,12,848,n2dksS845N,FIOcUCzRJK,38
489,12,b21,oV4rmzQqlm,FhJpiDOU3x,79
490,12,eee,TaIjhhS5dx,wRo1QRFTqD,25
491,12,0bc,rsDVDDRGXd,HmMWxAUB61,72
492,12,626,ysePaDkQD3,zC4nKO3Rga,152
493,12,2c2,0OZrrDdTRP,nSvlgDkoCV,58
494,12,7e8,Z0LHe4GoqQ,6NutwmRaJs,87
495,12,ad0,wvZfzA14Gv,a9zuXmYCxV,90
496,12,299,kX4JhlqMi7,P7xSPwVvxU,89
497,12,cf0,2QaPRV0hkh,R5EdfM30Mh,197
498,12,4f7,9iJRsfGx4X,dV7cmz0UL6,99
499,12,ee2,LYTopXT9rd,esxSn9KRma,106
500,12,e45,pUqDmisMQH,DCnEef4pnr,78
501,12,e84,TflXZD6d3F,hERosA4NRK,107
502,12,3d4,6DelQ4H3ay,MXemRpnEeN,105
503,12,c29,r5bWqjDsJ2,DIdXWozLMC,124
504,12,018,KrGjNTHDim,4Gl7B3s4ee,118
505,12,c72,IXw1an8s5g,wzRb8d4Zab,107
506,12,8e4,lpukBCk7HI,idBBlyQPcI,63
507,12,542,dh8lXa6FmP,06BNaZxfy3,128
508,12,6c6,3NdDZ8Wj8b,MDBuUUbmME,77
509,12,341,esvPkpu5Ak,UZ6ZjWg8fX,92
510,12,405,F2kv9gCfoq,ylL8r10TOd,57
511,12,1ef,S1QEhXkpzZ,6oKqpJLzov,66
512,12,d24,E15tjqMtSg,VMTWamsaF4,77
513,12,52f,3JhCPBmTb5,fz7OriPFqF,95
514,12,d3d,IQgJhLZQ8i,GYEHKx1nFy,79
515,12,6e5,0zwxMVX7Fh,hrFCbX4a9N,32
516,12,f49,C5YVUaudUB,uAPczkWiEO,91
517,12,de4,bXkbByXB33,CbE8O1l6tG,60
518,12,2df,aArQHp3z39,RcStn7Kwlh,129
519,12,5e4,90ev6l1Msy,tDudLAeX4O,78
520,12,679,VxOJRZJ7q2,EnZNECe1zB,74
521,12,13a,FDTerkjI9v,TWYtOBtfKJ,53
522,12,57c,jXiyAZZVNs,0AWwzwLHlb,39
523,12,ead,Mm0U5sQtAI,mWJkMobgpO,104
524,12,170,RLbWficqCW,DBa6GyxvtN,141
525,12,48a,4dgVgeCJw1,Ugol3uN1uH,23
526,12,871,HaVVJCf88r,aZGdUA1gnG,52
527,12,f19,pmG1dy1FxS,0QLaR0qi3T,126
528,12,18a,nv3V3d57fo,hbPSdxWaMr,183
529,12,3ed,ICLB3bLDde,TglIvDnYiN,129
530,12,4f0,gTSwZnZjuC,ihQgOtUpat,34
531,12,01f,iYNLl6D0dw,611JT6QpPc,65
532,12,ac6,x4YUFzA0DC,Xqw9TehD3z,152
533,12,f00,D8vIKnUx4u,0Qk3SzgVoO,18
534,12,fb3,D6pFDh7VCU,JkHeJAEC4p,134
535,12,f8e,i7VdRXyzRt,Fm9L5XaX11,65
536,12,293,3h11cliAp2,aTXaSUFz1h,119
537,12,028,MT1AFqOksu,MMCOiGYl6u,70
538,12,d74,sZnVYUia96,dCkIr3WIS6,29
539,12,266,iZtt6cXFkt,6SNAVoM2rP,40
540,12,0cf,LLSfgTX3zS,wPDgV8u5CF,45
541,12,3c8,Hu52C9xgOY,mT0Adyg9Wq,68
542,12,ef5,qSW8SM0Wwd,Nfp1atQ9kl,51
543,12,c75,EG72DWmWbx,FZaeCw74oh,52
544,12,378,IRjmDULfff,uc9aoXH3gT,66
545,12,b5c,GqEY1SXjj0,oGdYNtAgQt,36
546,12,20d,jpX7UsTmnM,SDvDYFk5Uk,44
547,12,681,JafttpShb4,qPUbZx8hHx,44
548,12,b1e,WvXHk1ajNt,vRh5Aevk6o,14
549,12,0a0,U2SbUzc98Q,mWCPcOe9kh,65
550,12,0fb,IyjFFgqD3K,5KCV2zVxFu,115
551,12,d5d,yy9IzHHNP2,gpx7lfpG2R,31
552,12,e18,yAbBIAJSRP,mjEh87qsgw,117
553,12,fb5,GEF58pdqBB,q8dn30yiDr,132
554,12,84b,bHaaBqqAUi,OuvFScTESJ,12
555,12,007,BMzHmfWWtV,DuWQFs5z7V,133
556,12,70e,zGcGPzSNfd,uiLYEtZ40u,134
557,12,78a,VqNoxz7iF2,Le3nu9TUaS,62
558,12,ba5,LCIrfMB4V3,BxDmbv8xPB,145
559,12,8de,aAQiYGTZrD,LiDB4wW0Eg,26
560,12,cb2,8xtFdePG6x,88MAOxmOjZ,68
561,12,377,4J2pwuriOL,JOVegIMHxV,55
562,12,41f,Mh55xqEwPo,ZxeVpKxmSZ,53
563,12,b8d,iOUHGwnRVf,aFx5E48Nmk,129
564,12,f90,5zXS1QUpIL,HrT9XT9UNA,141
565,12,9dd,wVKmqQ1ehj,TVlAmVxcBW,77
566,12,07b,MlLwkT0uMd,72iAg3bwM8,106
567,12,f2b,KiaQmT0EE2,F7owXnqnQS,74
568,12,9ed,R7Zg8HZL7s,2lASHPs7Pd,52
569,12,161,fV0BgetJFU,UNEGs4uVFo,101
570,12,aca,wbS60xL2rB,ASvsYAkSKq,66
571,12,889,rny3MVNiVO,3D594vp0hw,80
572,12,1b0,pnBD6UHTdZ,04G2fMqTVB,87
573,12,949,SODRwd2dJb,YHdqqd2kPt,74
574,12,9e8,8eXplDxstC,O7zUrwZVjh,68
575,12,1df,BtbFUyjO8V,QQ1GnWSjaX,98
576,12,d14,BHHaHd4wdR,4XJxlax9Dd,91
577,12,a00,DPR33i0GnI,fs3OQuFMXZ,72
578,12,7f1,6dOqzuate6,KwrhVhDRid,110
579,12,0d8,sVXDzNO09o,R5rYpm08zV,36
580,12,325,1On5eY53pT,RUt3l0TKDz,131
581,12,eb8,v1nMMx8bal,9ylp1bbDXq,98
582,12,23d,qtMAbbpxrQ,O2EkOeAVJq,38
583,12,9a1,bUMGxw6XKG,ghN1DjIIl4,47
584,12,388,BBDhXeo1zl,eidhoDS0j9,86
585,12,6c1,Ha9NKfVCKD,N4xSWehoky,133
586,12,c17,xw13xahGCo,YRtRiifxlw,84
587,12,993,7wL3L3Dpgs,nI2QtcjZuJ,129
588,12,806,NHD5rHEveL,Ba0JqxfcSW,93
589,12,d08,DZab0S9iUJ,pmAUfaMUy6,91
590,12,c53,nzQhf0oODr,a92D7cYCeE,147
591,12,4a7,Al0mNNSe9U,nxpnmDkM5e,36
592,12,3f2,gOdKJK5BdS,ZBmsILf8Gt,77
593,12,24c,4cFdb3P9H3,gJHnxpu1bn,114
594,12,05e,r8ye2JEli9,lnH0aol24h,91
595,12,56c,no491dtsu4,620of9XS1e,157
596,12,ffd,g4YwwlOPJT,o7O4sQ6GZw,140
597,12,0fb,fT96VjZTfO,eXRvfpjuLj,44
598,12,c3a,1GBbUXfaLI,K75K9kWRLL,77
599,12,e7a,czYkZD1GwK,GVNZzVxF8R,102
600,12,1df,Ns9oxs2HGU,WKbATIRtjN,105
601,12,f77,x8Xm0MYBYB,CPxy7XjhQd,36
602,12,1ed,5zJyaZrGQB,HibPASgy9T,143
603,12,324,HeAK6r5svC,M6mnaWGGr0,107
604,12,aa6,5KQj7ulPkX,kmj4SNJUpX,51
605,12,07c,2ugg07NQAX,6rpWgABCPB,103
606,12,131,NXVmcTMIMM,5Bcxht5V6R,76
607,12,a00,HSF3NNJIDI,Aqch73rvd5,78
608,12,c0f,wgwgBO9Z4G,WzqYXklA93,61
609,12,d0a,csRemRaRaq,uulOKNvrrt,134
610,12,c1d,KURrltygea,TWJurnIvev,15
611,12,1a9,SytU2OCOfm,Hq7ROjBglh,115
612,12,a4d,NdIdxoVGzv,0wkOLGwzuN,28
613,12,d2d,G0QW5bIwMs,jXGQvCAVRx,151
614,12,48d,r9dF7YVMtH,nbGRiG9wWf,76
615,12,f6c,ddryIVCUje,5HjDzMTrms,17
616,12,4eb,rAvH1M3JmJ,TbNMN3FvIZ,43
617,12,53a,bcgkiA2laQ,7dhI66v9bp,120
618,12,cb9,twPpnw6h2j,geOLjblg8H,36
619,12,fc7,kXfNe8kQMa,JT7VPkAlCM,81
620,12,f02,7hhUbCpKuV,3dCaY10P06,83
621,12,5c5,NPpQgJb2UJ,vb5f18CBx1,165
622,12,c67,sDJZ9PKhXS,fPY4oSwYAG,15
623,12,63b,zTQcGNin8N,8gX4tPc8ts,76
624,12,119,LfXXAAD7ZB,uSRm7nhc8I,38
625,12,717,i82GpTGc9b,C4DYMWIm0M,84
626,12,037,H6m7qtk8Fg,ZfzbZZ0dd6,183
627,12,46b,CHSJ8eWmyA,L6JK1c26Fp,47
628,12,bd2,KAOKuZi9pi,nn8Uoko3q0,61
629,12,add,ohmr8LKrW5,B88gC8bHNa,194
630,12,8f2,WTlwuGCY5h,CpcaaKceFX,63
631,12,b0a,XZg7bG3qU2,IbFgIAUJ0m,71
632,12,b7b,nNnqQCOoQr,XJivFFD4rI,20
633,12,5bc,YNavb2KMM1,FlWuFZaVat,33
634,12,a06,ac2BdYw1wO,Y9EqVG6RBP,103
635,12,965,QFBQZMdA4a,O9Aps4rJvH,16
636,12,d7b,r7HLKnIUNx,N90NXjEN55,92
637,12,e5d,mbCKOhKEHZ,mNdsVnC9cW,201
638,12,957,xMrmgzvsVe,dS9nuCDO5n,94
639,12,f12,h7iZWSU6ie,Edy0LBmj7K,197
640,12,111,DZboCYLXcb,0gXgccWFz8,30
641,12,cbe,24vl9eborX,6s2azu3F0E,94
642,12,232,C4oJY6W2Zb,FGkyQX1Lpu,74
643,12,ef4,b0So5JN6M5,UIlVVCqZ66,94
644,12,abc,VOogkgcaTT,KEWKPLsWsR,159
645,12,bf1,adb1AWTelC,XVn7XwGj2A,57
646,12,8b7,4XijzKILE5,ntROCN1SLQ,80
647,12,7a5,mS0gAVo8KJ,T4ebajaCqC,51
648,12,9f6,0GHL00mI5n,83DCXk7m9h,22
649,12,41b,8rvTwlsDrq,XEBZso8YzT,49
650,12,0bf,d2XmPviv5T,aH2tfCoGJn,37
651,12,da0,rqN5tGXjSx,0T4PwtVrur,58
652,12,07e,CvO1UqFjeR,6MVicQqg2e,106
653,12,b60,6FJb7D6YnT,ipPxEszyyL,60
654,12,43e,L9uzskRsC1,JQX2Wyl6VJ,136
655,12,5cd,t54Qo8P2gU,bcD9Z26l8d,80
656,12,d98,CAhXlAzC2r,igTJZEuWVW,42
657,12,2b2,Ru6gxPDSuG,lH8KxZ4t5w,164
658,12,996,IqE8Ffdk6i,HB4ILtlZXx,28
659,12,0e0,ZvUVuJxjd8,NvKC4i0io4,98
660,12,4c2,rQlqufKtHB,nnywIO87bJ,32
661,12,cae,K0lz5dV6Uh,RNJVhIHiA0,72
662,12,51b,dVAiv3k0FZ,theoERIaCM,113
663,12,396,jUYdFrwBM1,DldVgqLLN9,74
664,12,fc8,XurEubXfmB,ZJTnfWitAZ,111
665,12,b8b,qYswoR7kzv,DzFfoasPoW,149
666,12,9eb,YMwjllxhS3,OHKV0gwJU4,27
667,12,9f7,aHxZdGEmOH,LUgo4DS7el,83
668,12,51f,UnzIZdKRsh,X4iDylcK5K,82
669,12,59c,m0MUoggpgs,1nmkm5l2Gx,156
670,12,a7a,j3Y33uqfHU,7nQ0xevqlF,53
671,12,0f6,XPBremOqzc,2VX6y7QQ2N,61
672,12,13b,u7ctafFhRk,0Q3ESKZBAe,152
673,12,ab8,GCB6kfMuxS,Rooww7w0g3,43
674,12,b8a,Sb1PjHvi1Z,S5NG2nG8UM,61
675,12,3e3,Hfv8hCVFwU,52elG2M0iT,121
676,12,2dd,s8tSdeX5ts,SquXKEWvtC,91
677,12,437,4ADTB8Moyu,FwFyw6gOYQ,145
678,12,e99,7MxPwo8Qhw,aLqVjBszB2,52
679,12,f2b,Sspyfl8rL7,vgyzt7HVRC,106
680,12,f3b,3M57Gm1WE7,JkWTnKg8fc,59
681,12,9a9,2S8X1C0vMY,MYQ5ffrkXo,30
682,12,2a7,n6v36aQbQ8,cDUeZLYmuG,78
683,12,b6b,3FcG678J99,g9zw93vf3N,63
684,12,a4d,6Q87IU5Fev,tYUtcl0dPc,73
685,12,e5d,oxZiOfuREY,hYVLsgzeUE,145
686,12,0d8,hufAANkFuI,qXjQ4nnMW9,149
687,12,aee,mzgXVo3fBn,wZVymXrY0c,112
688,12,1ca,GF4HWgwag4,uFsDUxHdSI,155
689,12,7dc,1hoBae0Tjq,sSz7t19Dal,118
690,12,8f5,pJSPocOEXa,N36bIvRwU0,101
691,12,4c3,TygR3p989h,DRR2YdAWic,121
692,12,870,RZSuO6EpRh,VonAuyTXIx,87
693,12,374,6jwERuGwvM,Q0x1SP44hA,84
694,12,d6c,cZQURtxUhL,WVjhymY15X,32
695,12,d07,NJmJ4rvq36,wgLmq6mgbv,109
696,12,6a3,CZSAhPk6IL,F5EZSlynak,122
697,12,69c,bP9hEz5iz0,HbFyxhoiZM,9
698,12,cfc,ehHsEUe0JX,Hq2fFaRwgZ,27
699,12,d16,PLVLWX7Jsj,czwBBeCacs,36
700,12,6a7,hv9qIcmaYv,qLb3LQg9LI,94
701,12,50b,DtooLW35wT,YHurpHxYu6,64
702,12,ba8,xuMORtNZAr,rx1DWJagdd,144
703,12,5d3,VRQEanQrs3,EhkV95XyQ1,109
704,12,101,I0hJeqJgp3,x2kVdC3aNr,68
705,12,ca0,gPH5xz0ja2,ilfG0mAq62,37
706,12,bec,Vl2Gl12r4c,opsuoqVAqd,43
707,12,6a8,bYwBM6vsZp,RK1aFAzmSX,126
708,12,d62,GB6xTRerwt,f7wY9XFl8c,72
709,12,b7f,jjXGNMvyq5,W2Rfi6AWYV,28
710,12,dc2,1FBUAUz0S2,4gha9PlFcd,113
711,12,670,ertMiwYPnM,NUnsQKyQo6,61
712,12,b2e,WJuejo4BZo,h9XJMx4q2o,149
713,12,3ae,nwo11Zh2CU,I3nrW4xwjG,185
714,12,dab,6L3vLsHxGV,15ar5Ose2R,66
715,12,28c,DAnc8gX1ws,st2rr6YqDi,113
716,12,ea0,pbZ0K6648A,xDwUbxhGN3,69
717,12,cba,rzbw9vjVS9,giHVLr061w,135
718,12,329,1QhZvRrSS5,TWRhgophRJ,57
719,12,45c,gMByacDLw4,vWhXGHhEDC,72
720,12,513,lJHCkugJ1P,V2KRdzP6M0,174
721,12,0e8,Yp2VEQqpyZ,prugSFGCDM,74
722,12,787,8wMv33Ko7k,Yxip0roorB,86
723,12,d69,coaZHhfwfw,Y876cv56CL,106
724,12,2a9,xz9myZ1tvr,cJ0ZPzq7gh,62
725,12,875,nWCAS4V4yg,0wr2zMrQPy,83
726,12,487,Th3bvSiQfc,ksXHxcM9Gm,76
727,12,6b6,JH0YwFyVxU,5647dhBrH5,64
728,12,d66,glSfUJXJgK,DqK01a2xCy,115
729,12,791,PmielxGwCS,d5Tny0PgEl,74
730,12,3eb,7eoSYE7L15,GCD6Ppvk8W,58
731,12,26e,kpaPvMykY7,lZObOuUmNu,65
732,12,6b3,fJH3IV8U3E,8hALqE2r8q,31
733,12,41d,ljGK0Gxifv,4r8LsykZsr,85
734,12,c03,ttNrxp49ZJ,Wkk22EPvJi,29
735,12,7b5,v7HWsavixa,p4WorwjQbz,125
736,12,9b5,9YLPIXsVnN,By7rhfDk3H,139
737,12,f9e,C8GpRF3GFx,NTfabyPmon,27
738,12,5b0,Wf3p7SaFtv,V8jHJlOEgD,155
739,12,91f,j9DgfoyrDs,vyqMt2dqti,87
740,12,ff0,eZHOAc2r4V,KHvXAWZFpw,137
741,12,d69,9lYRoW0DUQ,MeSxmRCMZO,43
742,12,92a,7GgsXkgiwI,b8iIXpsm1b,104
743,12,434,ADNchrAjLA,oqBPB36FFw,153
744,12,74c,TBBufJxHGz,1sCojLo4oh,59
745,12,a68,gUHbbBXYEJ,AvDQCqFVDt,119
746,12,687,6N7FnDrIl8,aNbWzKtrXu,168
747,12,2c6,k7Dq6LGzaZ,FHyAtC8pGd,18
748,12,6cb,zrtGjQ0ktO,yKtDiJQTrr,109
749,12,cd0,fmJAyhQMhb,4r44nU5wwb,60
750,12,558,RO1FeII29u,NApayrCrXp,147
751,12,ea2,WUe3RpNzQp,DAZoA98J57,16
752,12,323,v2HGt0Q7ne,XRPqmYfhcW,25
753,12,ecb,9FbGLRElmn,2AnIgGcDQZ,144
754,12,33c,jzD5iCCyVc,3VAaTnC1O4,87
755,12,67b,5jym6sWx2r,7CRQl42rLZ,50
756,12,071,OM3GbGrQgf,QTKqsqB3wi,166
757,12,84c,rnrCUk05C5,tWg737lGoZ,50
758,12,937,ZawUGeh5gN,KUld6YpH5R,127
759,12,bc7,maBLWxnxP4,JkyMIMwhb2,63
760,12,741,HdZmhMazFf,AXaqeUeLR1,77
761,12,09e,qO8oUgC41a,cWxMLkhOoe,39
762,12,0cb,Io2Dbk1NDk,idPHvScdOg,20
763,12,7e4,jol8n69X7d,aSYVlo1XmT,44
764,12,f55,5SVNCdGFLT,lwcjpR629s,95
765,12,a42,YFQOBwmuIO,iBbMVgqNCT,91
766,12,baf,CWt3GfrqKF,aEuZMJf6dz,72
767,12,a5a,Jp2CE5S7gz,h1YT49TdgM,33
768,12,aa9,qz7jnLNgit,TJnEpblQLu,91
769,12,ec4,dcl1CdxQEf,464rRJhdyH,106
770,12,979,IcpreO8jBs,dYZZSCHBli,98
771,12,a4f,5ue8DfPZ5k,nc9QmWPYPx,26
772,12,2da,JP4ZKhpuVz,wdiaBUIsum,35
773,12,a9d,N8KNIAFsWI,74OqSuP6Qi,18
774,12,f41,yC7ux1Ymaa,6OcIjkO2vx,59
775,12,efe,J9JEjh8XZE,OzrsqgfhGF,135
776,12,eff,3kK89TSTUK,zzJ6KMUv5N,51
777,12,c15,SgKj52MnXW,IhI6e4A6H1,85
778,12,eb1,3bhKqBXrFO,nNSOgS8IJB,97
779,12,f70,DV8rjSgqAL,OeCOhEHv5S,101
780,12,033,Gkmw8PdwB5,6rlii7M4ly,8
781,12,9d1,O0xG8DnoUM,WHS6BXy8sC,71
782,12,fe3,DEfYi7TSOt,0RXhp1ETXQ,130
783,12,3cf,vwV2KYOspP,vz21R2hLlt,100
784,12,540,TBsXZ2dvCg,8QebStiks3,81
785,12,cf6,p4V8FKaHi1,xay7OyVHuh,98
786,12,095,LtflmXAOKH,WScA9AKIdR,74
787,12,29b,15zdrWp8zA,coourwsl9i,55
788,12,77b,XQ8mUF8Oof,nMObHYfvtF,66
789,12,c0c,MMKiDeQYPm,53rNkLmwWx,102
790,12,3d2,b1D8ISmNKP,2LWkQ7m5tm,86
791,12,e3f,anOzjWgm5F,1YnDRprM02,119
792,12,344,noHt5JRzHH,34mfqWk3JW,11
793,12,18f,kR7qFfXm9Q,SKMVlAYaGd,66
794,12,f0b,iBllt7tV0g,kN2aomyZkP,117
795,12,535,YyDha8Hkwn,IkWs3AdDwx,15
796,12,bc1,yHTF9n3WpS,pJk1MNzC4p,30
797,12,7ad,LuTEj9HiHL,ELlxAFmv5j,102
798,12,207,TTsHNexN7d,SPyYjM5hBT,105
799,12,620,XYll3YNOLY,m2yc4eLdeS,136
800,12,69e,oLRldtLvKq,vJQ3TLRxjj,72
801,12,a65,hhDMebVpvv,VI364UgpNn,98
802,12,923,hjR4VwmDL4,NAAwm65git,80
803,12,bff,ncSnBf2Aw9,EkQmpzGns6,179
804,12,8c9,QUOziQMTyA,V2RvSBlJQg,72
805,12,4f3,glE5F9AY3w,i1LdtOtmJ3,48
806,12,134,3yyhTnCPiT,2w8dMOj3jq,69
807,12,da6,AYKn3Z7ElG,LJJZwQIWya,75
808,12,5b3,9fIrUHnpCc,PIybYJ0FPr,55
809,12,f08,62y8oaG5KF,t1661jYvtD,64
810,12,f5c,IbImVaaGJE,cz0In8IZIH,94
811,12,1ab,FCscdsfCHN,TLo77P0L1U,126
812,12,036,phhQPWgov6,Ql4aU9xein,71
813,12,db9,Q6Q0eDeQ3R,5SplTgCsz0,69
814,12,913,pdpz045EVP,C6bOLLrvNJ,86
815,12,b70,dnktC8nCnY,PPPyHq7ySp,212
816,12,f99,yfjEqwlWqm,7WHNVne3wp,54
817,12,1d2,gx9JvtF5IC,9VgmRPB6HL,162
818,12,9d8,gWrMZf7UVA,cVJBEQ602b,98
819,12,5c1,Iehms2wUZ2,9c4reDspfE,66
820,12,997,fRnMZmDq9Z,jzDHMbDf3s,30
821,12,dd8,URM8yumsma,vGcL7d0PGc,71
822,12,fd5,n6uurVxh4E,SOLdyZ0nuQ,64
823,12,522,TYZfq6qKk7,xGBSbHDV1G,43
824,12,a7c,wVM4WFFNC7,LyZWfjPKYS,84
825,12,29d,XxkqxbSxIM,metP4RErqt,50
826,12,c60,pDz64EmnX6,6EtHAWDwTE,98
827,12,cc5,Z4UUGebtiN,YhnYe4857A,60
828,12,982,qsrR66BMkv,OFkDaBU6dL,40
829,12,e34,j21l7WEqRO,ZTIsrss0FS,177
830,12,00f,Hlg6jJLARR,twEwwvkLRz,133
831,12,3da,lkv54Z2tWQ,xyvTFi66Su,42
832,12,716,k4r7DSwWi0,fulV4c9tD9,52
833,12,8f2,F4AknCLYFd,7seywEHdPE,85
834,12,eda,0jQBqzL7D6,QjrlwGvN1A,77
835,12,695,G0jp1mCyo8,DurO5l1NuP,56
836,12,e7c,QohiQXm1FM,AYvgsStRVv,23
837,12,9c3,sE94Fmn2OO,dcpPzqtHzU,71
838,12,e21,y81HuO8aS6,hESJKe4o18,43
839,12,440,j6sQZS8peH,VAdnM7cfvg,119
840,12,5b1,wVsBK85o8C,m14qFyP8Sw,72
841,12,810,7JxesdUzPz,sFSW0vfQU4,77
842,12,fc3,XIpPz1L9Xb,1kCYGzfaML,48
843,12,a27,ef3MDqkpSO,tCHQGbtxaN,117
844,12,3c0,cODOAcirdB,EZcFdHDtVm,25
845,12,fd4,pRCwpAe6kD,NbwBElugZr,91
846,12,ee0,8MycY0Np5k,RZULq7WL43,42
847,12,6f8,pk6NXiZG9i,2qU6VXiLLf,145
848,12,542,OKMT1a4WoX,bS4GnM7ONK,72
849,12,34a,KOwepdY3rm,gumvMG9gJe,96
850,12,de6,RNiUF09Y1V,umhefyZJ3w,134
851,12,d84,PhOQuDbLDv,LJwsVRAbP5,68
852,12,5ae,uXhbSMgsLk,QW3XklLUVj,116
853,12,f60,A1HxV8pHkg,IOaxOnV15k,115
854,12,0b9,hOVyK0QpR8,uqsGKjlIa3,181
855,12,570,dvAjzKS3Ta,VpCsXWcVj1,87
856,12,293,WlGU9D0Kxt,C1JAabcXj8,163
857,12,5c4,8OxXExG0kT,S24yg0bjZ0,76
858,12,aef,SINznuB3MM,jCb3jRYc0N,54
859,12,a6e,GhO1EK13WG,gKaZbqIiKZ,107
860,12,6e7,5y4Qx7fjXC,efYS6M5LCg,129
861,12,16d,fI0HgwVAzc,UtlqqergYc,129
862,12,4bd,wHeR5VWNZQ,Un6h3Ojs1K,37
863,12,be9,c2tsf6taxs,hTA7Rx0Q8j,32
864,12,3cd,evL1r1CDQe,rwcXC2BraF,42
865,12,b02,3magkgzpQ4,ahTeBKmIES,96
866,12,fb1,K4H2rvtiMP,FiKCb6lDrv,65
867,12,ab3,dmOnGIhyPT,Z2Q6VZ9VS6,85
868,12,d71,QOtlJtiORd,Q1QnYpCBi6,20
869,12,490,cL8uPafXkL,wt8vAthtO0,104
870,12,921,kJewz5JQSb,YjJJumf7w5,6
871,12,a49,9msKso7N1k,2vQ8ox8ycV,60
872,12,24e,VpdEIsWNTo,RVLHsxssOV,82
873,12,696,YaCIGfysIA,Pz66o8UvfF,50
874,12,626,QpsGbNWZ5x,fqptAVfher,108
875,12,462,a2zcBDwPyk,QlpEBdKafP,64
876,12,49f,LaPCXb84AC,jq3NfQjEQW,45
877,12,2b2,AeDLyPBPoz,RdDVWbMoza,39
878,12,606,vXVDdULrtQ,vDdWMpNI15,4
879,12,48b,FuP8oaxiwp,hqJ8ChTb69,60
880,12,907,iVdIfZkmCT,JVi0Nb2xmz,62
881,12,c4c,qFXcbglWkU,9dQvkzOIom,138
882,12,d50,HFnsbg98q2,mqRRibYAZK,44
883,12,1cd,3vo7GXkrGy,1z4evSFMGe,51
884,12,da7,MforgrHPl6,qBphib32hu,57
885,12,a3f,xJWsqRVAh1,s6aruJHdjA,122
886,12,29d,ARxpuzOsdB,5meB13Sd2J,55
887,12,130,HM5Sf340Fu,yes2YQtNcJ,58
888,12,b3e,0GU8xZhlHl,ReAOPJtqZ8,122
889,12,f8f,ULkoZXU1qL,UY5Kc5y5wd,86
890,12,184,gS0VjfM7QG,XexYt0fUCZ,48
891,12,d53,e2u5UqAg4c,4RZaGqnNoF,33
892,12,7ad,qQOzgqdLaZ,V8GCT1pMP4,106
893,12,80c,sdsGdyKpED,vQnkiFgC7y,110
894,12,5b2,BWDPPvxl3x,vs2NazEa4R,131
895,12,5b7,iFlkKVV3NZ,RBkno74XYI,157
896,12,a0b,sXlFXOlCAe,5UV28Z4akd,148
897,12,242,Lw2xGMR0qV,KDXX70rsrI,118
898,12,de3,ZhMKkLQ0Hl,U9UFZ44AJh,134
899,12,479,7O0rbHiNfB,4wNDylxovL,31
900,12,a53,vjyvnrhpOE,DzyG7X7k9v,125
901,12,364,GDcvX74Pqq,uVjz0nq4bO,98
902,12,559,OnGBPtB9pu,voDcKabAzH,25
903,12,d64,7XXY2BN1wF,1UDg0D6tPF,24
904,12,dec,ScmRGC6pmy,GWLLbnSBjK,13
905,12,8b9,L5QaK0YwcN,pN02XNFp6g,36
906,12,ef6,QvNfHRCOob,GakQPOyUIP,103
907,12,09c,wgl7Z9zcuY,ArdF7d6CEJ,148
908,12,637,srKBytYgcq,Pq8jp3oTIo,28
909,12,b8d,UFjU8xvuZA,fQFnc7WY5B,27
910,12,1dd,4FBIVANbbK,6nqzkZWUBg,134
911,12,694,q0hCl86WTJ,QOgGfqzr0o,39
912,12,a89,XNVHZbGva0,h3nQTlCRb3,33
913,12,f6e,iGraDn6qHF,2qQHCgtenJ,62
914,12,562,NbSMJDuekT,vY7D8Txp9r,69
915,12,93f,FaD6ddsB7I,TTQoaWfVK3,47
916,12,c49,MTpLwf3PQr,Pk8urFgk9g,23
917,12,9ae,OXl3i5PDph,3FB0rl5bnj,92
918,12,10b,erTh3socv1,5VssXjCM4K,9
919,12,d3b,x4oSoepujE,x35tzHgupK,10
920,12,128,rVuDQ0iXi4,KdEQ6SHsws,51
921,12,45d,4p5Le63T1E,Enw0HpBPpp,48
922,12,a79,yzDUI4j6PU,XbTBXNy9bF,98
923,12,264,y6f1Lzw32p,RfHR91x3Hb,122
924,12,d51,PQDiiWwhGR,rqPJ3cKWP0,124
925,12,ceb,qNoSf8Oxaq,pAMM8nNpau,89
926,12,13d,IaOGtJCVUu,vCbgcx9kew,67
927,12,c08,0UtgAcKWYo,k7Nn11Tomc,62
928,12,9e6,tlVGWNkZa0,JG2M0VZcny,47
929,12,a64,pvgS5stI1F,qQyJgU5kYG,92
930,12,3a7,Y3ySDuoF2w,vzUl4AGRP1,38
931,12,eb0,ZGhvhLSLKu,3nSuDqbBqr,131
932,12,19b,BgeKvDnkuL,3ZUHJZ3QEy,52
933,12,47a,AeqrJJCEtS,hjtzMtDztX,25
934,12,b10,VX3ctczgIu,WywlUGiUnF,59
935,12,73f,hyziSrYnxg,LNeBKkWDKQ,68
936,12,d64,JedPKfLZi1,pmp1rZzDQg,34
937,12,c4d,y3PZkfRXUk,t7RTLESkuP,78
938,12,956,YspCHsYvxb,eYUX2C7g73,127
939,12,63b,oorHmuuEo4,kM9CKc9Y6g,7
940,12,397,rLdyqoefJq,DaQ03NTVlt,29
941,12,221,y0NPh7SvAg,1Pyyf9vQ1Q,92
942,12,9d0,XqObRovABe,cQZao6zHqZ,93
943,12,d7e,Q1uj2X6EnF,bfLKwJL07B,189
944,12,e6e,OblFDpDOH5,a5KnzNlaA0,70
945,12,18c,izzr55Q9kw,OkTigdR62V,12
946,12,ddf,EmqI9p5X4r,YZg1feGrb3,55
947,12,6ae,yEkIFN8OTI,vFoPkuZAiU,35
948,12,f5c,hBR9XwaZA7,hDFhJo8Zxf,69
949,12,c82,polrJXEO7Z,3vd39VtFmt,114
950,12,b02,SNze3hurU0,rVtWhi6P8C,126
951,12,e7b,ah4sYEIDsO,EhLjJFvuds,18
952,12,fb4,5uzPgR46Qi,XiQSENx0wm,30
953,12,8a3,6xooiGXOeZ,JUX9d3XyuP,52
954,12,518,AwBwdgzrmU,9dIJu2cPNL,122
955,12,af5,4FMAkEjG2I,6gf3TC0gXq,36
956,12,bd9,fymYCdvoXC,dHg4Jl3l29,21
957,12,1c9,sAmyejHSaQ,O3Q6xZMcmZ,143
958,12,6e4,RsVM5J8Ncn,zqfJwqQMfC,71
959,12,e7f,8g4gAAxiKp,3byLa7UfMo,154
960,12,bc4,MeM80cYuaU,A00GyHmdGj,27
961,12,d95,JUgPBQcLwD,ckjaUd3XCR,76
962,12,2a4,ytLhBqIYTf,SCuWLZaxqc,39
963,12,0be,oGCughYT8C,Sd6I4GRE9H,96
964,12,a7a,jOh6iauc91,l3ExPVV13K,129
965,12,2d8,2hH5BrWFJ9,bdbNdx7clQ,97
966,12,ad6,vhjclPQ6WE,LfP5zuwjJz,90
967,12,b29,0RnfBdcwEv,aGDDrWIecA,20
968,12,fba,znHRnXSRVh,53wSlKUDhh,100
969,12,a13,Vkw5HkoRl6,OUnjhnp70D,58
970,12,fd1,LEwaOQtvSs,vpF8SMheBE,25
971,12,561,fIuYN1K3Uq,d0p6fUS4jY,11
972,12,134,ifUbqS5alW,PzabS6SULA,13
973,12,cc4,SLZwV2cUz5,uKBrqHyCgA,78
974,12,b36,aifvJkdGg3,eD6NpGg1GL,47
975,12,032,LpIhKu6J3n,ioVYoQdr9v,67
976,12,b50,6c4MjuTjUc,aAaEZrBACn,100
977,12,b22,LgkyvoYAeD,sGgCETAu4k,99
978,12,571,V977pPzbR1,EPu0SMCRyF,167
979,12,2a0,iZm3OY6fY6,ASSDtf2i6i,39
980,12,395,fz2irv5FfX,doMsczKVGl,47
981,12,655,P6Mja2XUkN,1S0jNUArmK,105
982,12,23e,ZF4ARmigkQ,slUGqXCsAo,83
983,12,a9d,4uFuYjx8Vf,gbov3CLQpZ,49
984,12,0a5,UqgqgLTpKV,BJ56GddSYj,42
985,12,17a,4zfWLQqdij,UtClMyG5gT,132
986,12,f74,O2aybz9SFH,1FGO7qT2V2,34
987,12,409,hz8D2X7CCj,QH9PnA5yqN,26
988,12,98c,sTf5oydmsr,PHZOloAIes,74
989,12,97c,lyggAMErYF,ieae3gJ1HM,136
990,12,76d,oET3CqUq7K,1PngmxkFUz,109
991,12,6ec,II6BDeugmG,lpHSb2j8Lc,146
992,12,d09,Qzwq8v50g5,WhoTy0lYdk,99
993,12,991,GT1XdgY7nv,yiAFhZWbon,95
994,12,780,SnM4u2VhtW,qfOCbhpqwO,30
995,12,324,SwyYuHE9Y5,fNWU9dDDS7,50
996,12,7de,OFcQb0nAhi,5GlljERb99,84
997,12,647,8o1zARI7KV,CAGsLUabrP,17
998,12,f59,anFdvnNdvW,47TKX6e6rU,64
999,12,080,oKm0qZ7fPQ,ISKUSCxVuA,73
1000,12,2a6,AutsY92wPn,OEjYv8XoDB,106
1,16,595f,1HlUG5v0gY,VRUq4fSgIv,560
2,16,ecd5,3ujOPm02g7,Y8exb1LS0O,446
3,16,c6bf,KQlyWpRsrP,u6UVd9w6TR,50
4,16,b8a8,WsCMdHK4GT,Ccdc2ZeSWH,395
5,16,846b,NtlNuVeDb5,aqTY0bSwMl,116
6,16,42e7,SP8wdNd3xB,1ugB0jEUxd,168
7,16,2847,U8o1LTnRKD,AIYdGVxsXu,250
8,16,f870,1R1dxYmWKP,e4G8Oo3yzH,269
9,16,28a7,vSyHp8Eo5j,ng3xy7q3B2,302
10,16,502d,xhtB2UhgjA,F5xSJ0s0ql,332
11,16,3f50,nCZ8rUfGMn,3ISTFqGzUg,399
12,16,6182,BHS8Ns5fYI,pkSycCdbo2,214
13,16,4ac7,MwKB0HHgvT,4mCv7m4ZvZ,332
14,16,5052,K30UhEQVmY,VIiwFdZymp,169
15,16,0637,8Q3gGk6OZ3,q3h3bwZcD3,354
16,16,6b7b,3nU5TOByoe,8Mmdr9Nepj,541
17,16,12d9,L0ViRLugXA,y5hMPyPWKH,412
18,16,5ec2,5QpaYQve7v,SCwyT96D99,384
19,16,fead,P7PgNMqMGh,q4QsCHnRcb,342
20,16,81bd,HghNeoiueq,YxHWI4d3bW,398
21,16,d594,2cWKHJstyq,zBwsignoga,464
22,16,72e4,D9qStSCd4Q,16wqHzWFyw,275
23,16,c168,c8oFP9cbkS,b7TRAx85Mj,492
24,16,42cf,UfRStEG2GX,EZhmN9zAgV,375
25,16,62c0,KDHFuMR39V,lgtYB4Lwvy,378
26,16,10d2,H19n21yLYM,lPQ5g1ITvC,144
27,16,700b,lIxSsgr3l5,IMuLVasq0a,90
28,16,8ba0,zEVwAizhQw,4wtrKFugQt,254
29,16,5b4e,XCOdUVu4nE,CFHPAxkElu,369
30,16,0906,mzC7muhS6S,qSbnva3BJS,124
31,16,47df,NCFjYepfK1,pq8pMA6ObW,445
32,16,5ee2,C1G7IPfhR0,JdmLlSotfe,634
33,16,aad6,TS7DOQQKlq,JsmVkHKfs5,95
34,16,8da7,3p3bTXtxIx,tmzDsyet2W,315
35,16,bd01,qhWIGVHA3M,RIZMslkQtO,239
36,16,ed6a,tGLXzzki0d,gHj2M7a1v7,386
37,16,4ffa,ChNVV0md3i,Szotx6ka5c,264
38,16,da07,CAoqSHwqR3,79nZ0ug2RG,387
39,16,a767,v1rvU3MSlO,S1wFZ6yA1B,515
40,16,1e8f,3ITAxzCEFJ,YQ07bHtB8M,26
41,16,37e2,6L1B3XslzX,q1qyo413cV,231
42,16,4ced,KOHfZfDe8P,RVNZixszOt,27
43,16,8273,38747F5lRX,Nk8qh5bkWZ,423
44,16,2ce0,PuEOIZITuB,0Zd6THYK6t,158
45,16,c3f3,r6NlUlSNmu,4eG9dsxzrP,590
46,16,a1b9,BhwsZWcPyy,WGEOTQ3Fqm,592
47,16,97e9,MMHnjyDGQz,MsyHH4W5vi,381
48,16,37eb,wxpp8qp8AU,LfPEN18TS2,220
49,16,7aa4,993UpsCA9E,PqOXBfYIUY,80
50,16,50a7,wTo1VXGf1V,mpP2tLukPT,349
51,16,ab5b,390vIqhvFg,IL9YTuZ6cv,382
52,16,9c8f,MMD7YaegUz,RXhdGg2121,196
53,16,3a28,9FJ5La9s08,4CUWAyhw9v,168
54,16,8c59,aotSPZ8uzG,MEwJtm2Zia,78
55,16,b4d8,hGdDg453jA,F14x3H62jv,169
56,16,e3d3,rvpi83B79m,U9YdvmlRgi,313
57,16,796d,cOFvg0IkOu,0ixtgoR8Oi,79
58,16,a1dc,hFcN7BiSxi,r7Nfft8gvZ,167
59,16,02db,nzEJlJVGvE,ZTn0Jt38dt,386
60,16,da88,bz6CJXUsHZ,Y8NnIKjisW,185
61,16,a2d3,Azi11pVoXP,EGl0EWwGb9,141
62,16,1c85,KgejIgkmcP,afE1juTQW2,609
63,16,dac8,k4eK8IDUXe,3WRtmYFLgt,146
64,16,915f,cQCTpDY22X,KQhfApOpHS,301
65,16,79d6,F4hkIR7NHP,hgOC6xoHKG,691
66,16,7122,sbXsX20dIf,oFJconrRjT,344
67,16,dab0,iWD0suGj4F,k0ZWJCLOsz,172
68,16,c751,IZKi5sY3zo,chbeCkAc40,469
69,16,40d6,ulSk96tUCq,DEijCicq1d,190
70,16,8ae3,v1tU1F6br0,Lm2cutiim4,78
71,16,3b27,Il01FHc1In,O3BUp1sPvl,411
72,16,0dde,4w7vVcCShF,YfAB3ZfnAC,292
73,16,1209,awKHAXOlsc,afZ63DBWbU,432
74,16,ddbf,uTMP6YygE0,zjbMSkF6QH,343
75,16,1356,7B9ED6AtuN,6lcDGpYFA2,271
76,16,68d6,nLxAWe09ch,ARgEaWXxck,379
77,16,e8da,WjxqzaOXHp,hCxqNOjU4k,124
78,16,86d5,uKsuuDsz1i,gVyxzwjNXD,601
79,16,e2f0,iqHDpK3YDY,Boz2TBBwoH,336
80,16,22d1,nImHgg9Twm,YX2MNXz4Zv,436
81,16,a61c,SyaRs2M4Iz,uptEdHjDO9,462
82,16,49c2,7VsHrd6t3n,RPja5HE2uq,510
83,16,a503,YfuKmy3hLP,LyY4HLvzLi,194
84,16,5c6f,ziAx5KF7RZ,eNDR0aEMnh,184
85,16,817b,y67FGCG8ye,9oN4uHDbob,614
86,16,ac34,7mTYsuKN8E,aw43E7yHAp,160
87,16,b318,WsssagBgUs,dIsKlNB4jQ,133
88,16,c8e5,E8RdXjMcZW,cGuNfBSWUV,750
89,16,0a2f,KlrFcd1Dcf,mVw7dSynkt,81
90,16,2e15,ot5JtcGAqs,NRD7H4GxWD,170
91,16,5990,dks9ZnJdom,kBUWJ5QYWO,471
92,16,b0c9,xSEjQERBkz,wUblJRsGMv,454
93,16,5c67,V6jOBV97oX,LK4nGIf86q,171
94,16,4d16,j9pCTNUFc6,vWJKFRsUCP,359
95,16,f357,lGzAUn4V6M,59FA2bSXIq,401
96,16,f972,dwdOJpy4aw,dnC5NAJL1j,289
97,16,f262,8OLCajxxqY,hFda1gvgMm,227
98,16,9467,hTvTAiQbZx,mIVr97FwW6,571
99,16,8440,B8O2eXhWog,G5EPqnNI55,267
100,16,26ea,Hm46f1iguX,x60xUvnKej,372
101,16,bed4,jb9NXcuBqY,u9HKcM4KAq,249
102,16,fb41,Eq0JD3JYGe,P4GOQdlDn4,152
103,16,88dc,GhpEEx1hYJ,GydNTviioz,373
104,16,2222,DdGKA402nY,V5cYwhwfsC,231
105,16,13e1,7uBOaL3jzd,HziTpMp6js,532
106,16,088d,r5dlNmZVCH,fUU3TvEHkv,337
107,16,7afb,sXTI735Zqa,ugFU9sRW65,342
108,16,dfad,S4NvQ1q4G9,mdmP22xEZm,403
109,16,48d7,YtYZtX4vpp,P7UIbiITWL,184
110,16,45de,aphJ4qlFRI,OPGGd6Z7WP,519
111,16,89c8,nPmOdl5nXC,OooHLwoAMl,524
112,16,1ffb,shKp22PhvB,NmM3fz0Mvr,150
113,16,0bda,kPqACim5CA,QyldXXfCcA,292
114,16,15c9,Y2YbMxU9lk,exXlolqmbN,241
115,16,793c,rWd7sKNhWl,3Fw2MOVGhU,592
116,16,3d98,nBxEg2RK8q,e5KwxbGUG3,172
117,16,126e,OoI39t7HpQ,j5czzHp8V7,530
118,16,4926,hqQY6y0bp3,V0SdstzDeM,190
119,16,d0ae,UoNk4CfX8v,YjJ5pzdfrT,441
120,16,8a60,xvbhQRj3dA,1l72oLps7g,621
121,16,bbf0,wjwO7jetE9,8Q0pkJkVmL,330
122,16,1f28,WA3D16O41R,1u2BUybcUS,268
123,16,3846,hSjhFYjrHQ,k0vzBa8kq7,331
124,16,b4de,sUW6jdvE6w,p9EpXEkMV8,158
125,16,c8c4,2eMLVEdxGp,cWr5aMHGF2,307
126,16,e9e8,w7n7PH1IiC,HUIOuAGh4R,312
127,16,4839,VSzIeJwEPa,ClFQs0cMaY,369
128,16,f69d,yOmlUP7B6N,N9bHvMDF9F,72
129,16,9351,EEsqseEhs0,nS4yX0EmRc,265
130,16,0a61,DioFLtBRAn,fiGwjn6RCx,56
131,16,32ff,ugK5B7NJNY,T0nCGzs6WF,451
132,16,5a7b,32ISCt6K8e,U96bEvaI2M,227
133,16,df19,2kYQgvhOql,2m2yhmeB66,412
134,16,fcfe,hlNYjPBbva,fT5NJsS59T,194
135,16,63e3,yrjIJMiTgM,g6HdYirpqX,310
136,16,3d4c,waQrjrGfo4,3ymjKpBbds,203
137,16,53a1,6xjhtxAmNP,XjzGEuwgZK,294
138,16,c27f,R81MjvTN5c,acKHiddbTF,111
139,16,ad5f,n3BNf9gZrL,Iq8SrxTzSg,201
140,16,dfa0,zXewSy26i0,p8U1IekXpw,657
141,16,4969,lYKNEsyCFu,KXR0jWey5g,255
142,16,d1a4,40LsbyU6sB,FaHceIgHEv,119
143,16,9247,l3mebi1snt,9dOsXjxuX8,85
144,16,6991,rmHqodtve4,Rju5xKkMQf,348
145,16,fb06,0lmkzhFh6b,v9BoRF1mkN,396
146,16,9194,hDxe4ZBlIl,j7enMP8OIV,433
147,16,8f64,IMNWylVude,Ihdbwve4Nn,320
148,16,a72e,C5EfBqmvFs,LvR6Q55aiu,254
149,16,a0cf,jAkeyaPPj3,ZEutEbVysi,103
150,16,8e3d,zYDODvOjHI,QwsKxC8X9A,394
151,16,6d06,azAaEYAUtV,jOhZNMrgHW,459
152,16,7181,znazJZTyeR,Ek1ahMdfFs,527
153,16,fb47,XEy1TNieRx,f4bvfmILe9,343
154,16,0049,7R6Z9cu8r1,1UP4fwW6MJ,674
155,16,d275,pFqHeeVv9Y,Ws0voUhAOy,171
156,16,2306,amACi0lT7z,JbIIHq15AW,343
157,16,c68b,aEuHzpmnRx,HKEYEqA4SX,456
158,16,9f9c,dzE4opF7k0,uHnYJ89Q1g,43
159,16,993c,gyUokghhxG,hKuQi8oWQt,160
160,16,170f,m523FycVmZ,YYVqOKaCHt,663
161,16,2199,b8qWgzsJ4k,vF4c9F3rfx,131
162,16,54b6,gHYl0hWk7Q,NJiGROyoJi,160
163,16,80e5,JoORH8RVo6,uWOKCM71S2,168
164,16,ed87,esWdUoSL5Y,HKbyvPx6yi,413
165,16,3432,LpKxhKAPeT,suxIrbOcfd,451
166,16,80b6,DslLgD07KX,4j4wudLlYy,396
167,16,03b1,MO1ga1C9gu,F4pKUWVU5M,139
168,16,4164,MipY8fjMsD,OgIXzTg43J,134
169,16,1db0,s8fnstyypK,8IKdcFgHoK,64
170,16,96d2,brOP3DoJT0,I3oYTZy9il,173
171,16,5256,3umDNd0nLO,Hi4Ge3LaH0,269
172,16,c87f,g2boMY9RNf,RPNCfIrD9k,370
173,16,62a5,SWD1OknPVv,ZAalBYwN2W,368
174,16,8514,BVZtngat4r,YaTkqhR8Av,296
175,16,e8e9,XVSEYhK18I,rcKntlCeMF,158
176,16,32eb,M0CqyMhUAy,eM6bga8vUD,71
177,16,4317,XW2dzr8iCR,V47Odb6e5l,231
178,16,4e81,uia6OJuhEr,GcjeGVNcir,162
179,16,7d18,PDzo7JahV7,Au2bVGWY2X,574
180,16,7f9d,BFbfGtSanV,wvqLoGRb1I,414
181,16,0389,lc6C5Kcgdi,28E3v66MsN,286
182,16,bf51,tIp8m4dWXJ,RzSNRS4XDC,326
183,16,7d3c,g3zihDrn7t,XZoa39p5z3,243
184,16,21de,1jG7hVeMwJ,BFEi7GUB5a,115
185,16,2d77,3sqDwWqm2N,8A0BGGN7oJ,740
186,16,7b64,r7TYTk1fUa,7pE993FNOc,221
187,16,197e,WjM61dEIkO,vZJm5ci2nl,408
188,16,b17d,q1vMTgnATc,do8of9d1L6,503
189,16,37da,Ub4PCVHFkY,Vu5WElEyfB,267
190,16,a3b9,BBt6BBbGEv,lNUG0r1S4B,251
191,16,9cfa,OppM4dV06S,Q1dxyESkwT,441
192,16,9618,Hgx86jTeEW,ulIehA7cVO,397
193,16,c22d,21furulUO4,CUzywi8Rl1,466
194,16,44e9,ZVtR891gJI,BIDZKcxxfr,162
195,16,26d8,wSZfJ4ssfV,BKsG6r1dri,501
196,16,a225,KIX8TDLE4f,cThrp1NS2e,429
197,16,fb75,42U3KMr6HJ,CM1reX9ciI,184
198,16,82d8,VKrkjzskEQ,Va09kFxyPY,219
199,16,d40d,yJ03GD7Yvg,Uc8lSdi7KM,490
200,16,f66e,HJYaR0hSvL,zYUaCk8NKy,212
201,16,0757,nJ7AXqsgMv,n2SBBkPANw,83
202,16,51f8,rFcXiHwdqC,Td19yhH6T4,149
203,16,80ae,VQbLbBoB8J,GTBJ6mntcn,263
204,16,1d2a,eagv21mMbV,5IXvfTDKv9,288
205,16,2eb3,BMO2KaUKC8,TRn1DywIeK,214
206,16,db58,ocC7bvGVgJ,9WPBSot03u,244
207,16,2ba7,jKNaxYqcTG,zuHKiKUGXY,618
208,16,3145,33MdsWK2e5,lGmnoE6cd2,288
209,16,9105,LICqWI9vvA,MpSZfBDSGV,139
210,16,95ae,rBLgrZVBqp,ss8UvKO8oy,86
211,16,c6fa,6kIvh0wWLK,i1yeHWLRKE,397
212,16,a5fe,SkU24igpUQ,0dpSsu6v7E,178
213,16,b4c8,2utGV9asMA,XlUWCmqZxW,355
214,16,66c1,fslHUITjdp,yGyyxNKAvZ,458
215,16,801e,R55ardB1Pg,RS8Cg8g3Wq,421
216,16,418a,XAvhA3frQj,UiLbppGQcS,596
217,16,ff2e,L1ia1aNtuO,vMXlZKiKQS,347
218,16,da30,sQ34KmBNZG,8R6aNZcl18,356
219,16,cf78,QeLAeXOsjZ,kup0VRxm56,339
220,16,b29e,b1IB3e2iMx,WSEPEhiY25,277
221,16,bfa7,4bIWhjE7uT,VRB4K5hiLR,584
222,16,5ee8,fLdC0tGUaF,e3ZEbQPAFt,273
223,16,4ab8,EJoTobgdRY,hw96xhIeGR,523
224,16,d402,ZXukZhn3IA,a3N3x2FHrD,249
225,16,a405,4P5bhg3div,RHlCtCe37K,272
226,16,79eb,Y5OM6EZ4JD,TIufYK7TJ5,319
227,16,0421,fqti3WUUjB,osKfxikqKa,284
228,16,92b6,gLCFKRe1ct,UEuL5ctC5h,124
229,16,a5da,X0HiriGb6u,kvKx6DJzza,283
230,16,c6a5,VJK9QQsrQk,4GRpwQgE1D,275
231,16,1f91,8slXfAjmO3,WFVVBHlWBa,281
232,16,7ed9,4JJfs1ba3C,QxP1iubw6X,105
233,16,d03e,D3Yi4HjqoU,x7jZp6ziiH,183
234,16,be37,Vo2akCmvzz,reu84saRiA,363
235,16,2e6b,A0Jkd84T5u,wZAgU7CPR6,191
236,16,707b,A8XuGtJFZJ,JfN9JeBhyX,291
237,16,f704,ZMdNhMd0Xz,3b9lYk7OR0,285
238,16,c8e0,O6dwDijNYs,B2iqEIDWWe,471
239,16,0550,aWFbj5m4Ef,T6npCIfNgR,118
240,16,e032,KxRrCVuyT8,Cy7NfqKWvb,322
241,16,ecc6,ZMUTG6gAPU,X03kz2wWJO,22
242,16,2e1b,1DUVmFqbWF,ovCEOjBV4b,258
243,16,eed2,AHQIMKPSAH,QHYtrW8AUM,324
244,16,d01c,2HqnyzpuWF,YA45tmTyKD,317
245,16,2517,MpvERWbu9p,IxpvqESBe8,250
246,16,77f5,lWkG3iiGEM,jhJ0XQZ2dZ,234
247,16,9dda,4keBrZ0h4n,M4JcAwUT8w,459
248,16,c9be,H4vdTfP1ev,Oi8bDCWNt6,354
249,16,ad03,nPkUyCz7EQ,s2FZaz1bdr,99
250,16,ac62,dTXnCZFdyu,gNMNsCKc2I,154
251,16,b84e,wJgRuhERGm,XKsYRF8IqJ,408
252,16,907d,6smsnpxzVm,8xxLs4vQ80,78
253,16,64cf,1Ll9FEhS0u,UTedFAKyvH,174
254,16,84c9,vre1mAVm1l,9ZYrIxX0vf,216
255,16,6fe9,IAe5ToVVp9,xTIzrurluB,11
256,16,2402,dyLw1CmVmW,4hfBbOfidu,404
257,16,aed0,BhfjDDJWQm,pLwa3vZ2ey,129
258,16,7a0d,dGEykyCunO,9sNv3gEBLy,75
259,16,264b,Y0b9Cb4iBk,g8sV4EJ9tr,164
260,16,0ca8,tj37BXTgwB,Iu4ErUXJij,570
261,16,9618,gwffoXuoJd,dQChMlYjTD,758
262,16,d6ce,NYPgNxSNi3,OqmglIxShW,317
263,16,67f7,WKsbkV2HyO,RiYxPtHjKB,188
264,16,337f,XyH782GaDN,nGQbCOuMi5,389
265,16,c175,aKvrUDTbcZ,qHcUGCQusf,406
266,16,8b75,TevjRARTeG,0JOEqLkmWS,240
267,16,45a8,LxgGu6vBze,F60qcpPCWB,482
268,16,292c,8eISxZq1yp,hGdT8S3zsz,273
269,16,3ea5,l6hNKQP4t5,H4DvtfsFhE,392
270,16,c98b,uf4OlX0Oqh,BopzgwJKB9,295
271,16,7ac5,ahfKQtYzjU,THZPzuuLcc,228
272,16,5208,1OKq4djnW3,ZvzIY3xSdU,91
273,16,4340,gZ1dFbVDMf,otBoLOoJHt,255
274,16,f580,bjnhS7H3fL,658c3Z1SwH,536
275,16,5105,qTp26gyDRq,MUyQz4mnAu,183
276,16,4814,STtrAmcw0K,8va8Q7F1Rj,510
277,16,61b9,AG1owaO1qg,gSj8VNvOKc,203
278,16,95f4,J83ABSyW1C,sk5iKUbQ2u,320
279,16,3247,noAyum9Fjh,tf6kTbHclt,47
280,16,1214,UoZtbLipVi,r5JEmEC5Gk,280
281,16,c308,7o0HywAfaf,21rG3KvTDa,386
282,16,c251,xNG8vG66FK,e2xRgAe5lr,68
283,16,cbf5,xuJ02ntPxT,XOswnE8Iqu,401
284,16,4bff,VOIjwUoaZC,Iu5mo5zFQg,178
285,16,c790,roQTMIaGj4,zwY9hwj6Ws,228
286,16,3e6c,4yAWZRlKEK,a37Vz5Fmcx,292
287,16,51fb,1OLOs4HihR,Biyt744Std,257
288,16,6e94,QyvoLkx5n0,o98lsfvRy1,550
289,16,8602,g1XUekRdhz,CEQEZ3lxzm,233
290,16,9acb,gclMwBim0e,NvtCdC8OGJ,109
291,16,9b1f,nBNMj7C8zD,7YXZPvUlzt,212
292,16,63e7,J3j62fqRqj,eW0ZlpFdBF,681
293,16,1a4b,NnTwzqi9AJ,j37SQpMIfJ,219
294,16,ea7b,t12erJJI2H,kzJkeOyzFC,217
295,16,8c4b,qpX8qHA8ny,JJu0CaF54W,195
296,16,8c82,BPi36ru2P8,pojTkfg78B,718
297,16,22ab,gJWXPL0Zv6,YXuvqzRYI4,486
298,16,936e,8iEbzOsvKy,RNQXR1TFAM,308
299,16,857b,VaZ5qYY3Nw,93JX1GtLt2,320
300,16,250f,HgakES45NZ,0IT9tESNOE,288
301,16,6808,vbIqUHJxJo,OZvShRnIXr,283
302,16,1a13,HsypdfAocz,HBeO9YW1ZU,228
303,16,ed0f,ebMt7eQmKd,5W4okNPzHG,357
304,16,dba2,McBBCaKiBK,lLHhGUAhfe,468
305,16,aea4,dvvihz51yj,QHw9LWq5Q5,289
306,16,941c,1H8L7FXiX0,0ByLb6FU2N,61
307,16,dde0,whiC2mGnct,QGMHb9OWIl,308
308,16,3dcd,JTqL6tZf8x,KWqArgGFO8,98
309,16,d20e,nKbPvMhBiV,c5jO0sDGdG,499
310,16,b6c8,HkITiIkDrr,IRhdo7RUrC,95
311,16,6151,4SxDOpNGrd,jRjWt2GMfO,273
312,16,7e58,deTbmHI8Fa,DN04CqgtEj,63
313,16,e465,A2OBt4qpKH,SastMSqVa5,379
314,16,dafd,13ETi746Rx,UcDtDEp1CH,468
315,16,4847,89PrC5NAWO,4VEeo0AKba,88
316,16,674e,pAmcbkDBzT,W0N2WKXdQn,164
317,16,7f06,pRGEpNO5pt,L5Il4Azipc,84
318,16,f512,THGkAgUfTa,G9lQgH9nld,316
319,16,2596,ryNEfuve3h,dM8uIKxEo3,136
320,16,67ff,8dsOctcT2k,sCVqPeO40x,248
321,16,808f,RKF8wyyTRL,rpyEffwOJl,248
322,16,b762,Eq5AzMAjVV,jmJ0c663F1,115
323,16,2bb8,JnwnrIQ98g,VJmWQSz00p,309
324,16,1b29,RRGO8Q0LJy,ft8Sx2NzKb,320
325,16,eb18,hHMcbwoYPs,isBNylwQwf,437
326,16,cb7b,3iGmvXJi8X,fioV8IDbGt,179
327,16,6f37,yJH2CPXZSA,C6hz9JxFoO,125
328,16,bd59,SmbyiRLE4P,7GguG2qlat,212
329,16,2be3,7qHPzP6JLE,osOtZBGL9C,326
330,16,6e61,ZM4M62ILOQ,pahJay2aXw,350
331,16,0279,9t2J5ZUFp7,AIKBvJHCaV,424
332,16,4566,tLf8dS0n1w,9zjoGxURJI,281
333,16,cead,WWXVvFtKeX,hKK1pst35Z,371
334,16,41f4,h5zB70y8cg,h7LZIZZj4D,574
335,16,4762,sOjMxsVJue,00UjGYZX90,136
336,16,e573,TL2DKrGSYX,yBNv8eTI7X,345
337,16,9624,iXHC6hgRXC,VsaSB3aUqR,308
338,16,0950,DCHCKUnPX1,l6c0wFDTZV,180
339,16,d277,LBTTWFOI8o,H5luS0FFQW,123
340,16,9040,CgTrU3G3Y6,5vMFvGOp5k,357
341,16,83b8,Ng10oSivR0,foN8tDo8wx,134
342,16,f7ed,l2ES1KYLgK,F3cGX3fXTV,249
343,16,bc2c,SXTEBJpGQx,NwCPDSwAWA,330
344,16,4a8d,BmV44M4VfL,GcaLswnukB,359
345,16,55c1,14QoIEnost,ker8ETYO69,59
346,16,e638,FVcKksooXZ,qAvLvejYtL,293
347,16,76bd,OdV2VecIgo,r1RaOuC7oA,198
348,16,8b97,Heyvbazdit,1G1YtRsMGg,516
349,16,1932,PPp2ESpZOa,GgLnW5vlI6,296
350,16,23d9,Mst63EysXg,mnfrHfmx9r,253
351,16,5765,ahH0BAXL7B,lyz7HppFb9,360
352,16,a01b,o1x2SsMEaQ,6RJh3Q3e8m,179
353,16,5bca,rYXhSKLk64,HjEDom4MAv,12
354,16,32d5,gfrHQAwNk9,sYO1q3MIMA,420
355,16,5903,3TFKTUJhqV,DceETJuHyd,187
356,16,f913,XYcvwIPD3J,VrFcNerDEk,72
357,16,7aaf,yDSdIKwZe1,Mg34tlB8OD,396
358,16,53df,4YK6Jtyb4p,qY59l6Lvrf,318
359,16,20dd,dgeWtw6jVt,K5Iexwnovx,70
360,16,dda0,GKByUqlbvA,2zZoWJiNjz,357
361,16,e798,uBwkr39R4z,OsPpTSFmDF,308
362,16,ef42,gxTTg4eMXa,d6XpVqdFez,783
363,16,0cc9,GHRL8TMHua,p32gKKfePe,211
364,16,0cc8,fh5xWPYgKx,hKiAmiz8q2,115
365,16,2091,BYa0WJ2cV8,xH2oGZrQpQ,444
366,16,66d2,WUiPZVMJg0,g53kero8FL,626
367,16,d9eb,0PmntCf1IN,MBP6CaQZ3h,188
368,16,e791,7IHIbHpGRV,07xDAxCz9G,486
369,16,9653,NnS9j7ZboG,XTjVI2AiA3,442
370,16,debe,uUcFX9odcP,lBljuOQKVF,138
371,16,eeb0,NHLuvesUMh,zGD3ZHomKq,506
372,16,6b23,OsRDv7K67v,S9Zul0lCp2,563
373,16,bd46,jAVHTaoAy0,nFpSi10Gyf,237
374,16,9cd6,geUeyDRrWF,fHV7cv3ulL,153
375,16,1252,9Y7bPhI0sT,2zA7sN8rQT,381
376,16,19a2,Z0VSuGlXEK,JJmERaRrDL,593
377,16,f5ef,UAH9VU3SS6,PE8wgx7Hwq,112
378,16,53f5,H2oxOSrTtJ,fXjVB7ecfE,187
379,16,28ed,Nj7B9dEfIh,QQqJqrXYPW,301
380,16,184f,ZzIgGEmYkh,JK2QLIEH5Y,205
381,16,6b10,0uTjabWxkL,ZbRJ6ocLdo,290
382,16,32ea,0n99CXLsI3,HSKhYA9htO,115
383,16,2159,HQDm0MTo0R,lt4I4Mgbaa,143
384,16,a818,nbquF5xrqr,vMCM9tdyVE,161
385,16,bcf7,SNLgTkYX4e,Tcl8TVXNaU,318
386,16,f753,BV2DL1O1O1,B7yVCMOduW,311
387,16,0ec4,VQjqnzvaH8,txAxazDPEm,273
388,16,b1d5,fJ1meobWcP,KJMJX3eBhh,88
389,16,f4a0,NtgpsipqvQ,qy5GbEUdUV,357
390,16,39f7,VKjCY4xlho,RxuiQW8POe,125
391,16,d2f0,wzXar0vx9M,BZetEIPBFx,171
392,16,e2c9,8RMrQjQgQh,YRROKuF9Tw,460
393,16,14a9,HgV3N7WSdC,lzM7nXzs9A,352
394,16,ec78,OTjNSw13OI,TxFugDRHtu,244
395,16,d1ca,jJ4BuDFclF,BriOb1v17a,515
396,16,77da,tU70JNeBtv,w5hhdjWSG0,181
397,16,cdd8,RyQbccrj4N,BG5dEHXBj9,379
398,16,1248,UntptVkqRo,NjlpWqULV9,42
399,16,6088,p6djGWbYiq,i64kiduknM,151
400,16,4c03,GMOtwKZQzQ,WxJb7hr7pN,166
401,16,0348,1TvMwF000w,egk8NMQWQr,222
402,16,dca2,wUcHsXLyhC,C9dsSf91Wu,170
403,16,f163,r1cETQDXIg,XWntbqKeOY,458
404,16,b792,ldA1p87Bq2,z5AR52biWa,214
405,16,022b,LwrU0aummr,2HRj5nHXqd,169
406,16,c255,dTrYvYJKCE,ecG88PnsNx,324
407,16,2767,jKperZi3rj,TZElaSgTEQ,337
408,16,1a1f,TVvYA0E8ci,DdQnkheaU2,367
409,16,497f,Swuolnrlq5,rpXoY3Pezq,403
410,16,d6e2,4YD0n27I81,X6EVaZVLjC,169
411,16,0d56,3Lo7JxDsvY,YtzdZAhG0d,261
412,16,3a53,8nRTvSwJCE,PWU6Ur5yxR,251
413,16,7c3b,bQQgtkN9VO,fPxBinG4fM,443
414,16,de66,f7jZe4sP04,KUPqFK0vE1,314
415,16,7089,A269rGeZcJ,el9c9nORMO,222
416,16,e5a9,z7i3djFAFl,nb5RrSHRrK,184
417,16,80b4,s9lSSFENvM,jdftSV3LYZ,137
418,16,9f3c,GD9Eu22aVR,Hz8vFe5ojX,862
419,16,34ad,jEZ8lhdILl,V4ChrbuwA8,420
420,16,893d,DWkkvB3ntw,lYhkUm3ZTe,384
421,16,2a1b,HZLsfk6UD2,SROUx76jMu,347
422,16,2a1e,aYk34ehXTk,ejl6tqJKhi,281
423,16,cebb,0nPVhzSEpx,SoPZZ091cr,147
424,16,fa32,jeZxeYq2hf,9JuCnKhjrw,179
425,16,458d,klKvsAOnZ2,fDD1zKqmis,392
426,16,e7d6,V6F3J6BOp5,h7mCuWJmIK,681
427,16,9ad3,QgqhmtJd1M,Mqbb0TP6JI,61
428,16,b5a8,SdUNphsYmQ,p7HY9YQEBk,338
429,16,a563,aNzaWVD4Mp,4IJooBgmfZ,232
430,16,221f,jmr6aLWaIp,ixYnjYVnnD,473
431,16,5627,QelQOEF5M7,tBMivLs3i7,108
432,16,2c8e,iaWUfMmE41,x29G9UtCHV,267
433,16,1140,e1Fmg9bDM5,jtSfxooRdc,119
434,16,8c08,JU3qnf6SEI,n3cdE4dgDf,187
435,16,1bdc,jJsQxPFq1j,0A8y64MYEn,322
436,16,6d9b,yBhjjfkFu1,bns6Ppd3dV,296
437,16,c406,GrXPd79QpM,6c3UNvQ7j4,411
438,16,6bb4,AxpGhHcvP9,8Hd1R16NI1,770
439,16,e000,LdmT5ALrAh,UDRAdY1mNU,400
440,16,1bd8,DrHxA6zvNz,ZDW0X3bDSy,839
441,16,f8ec,4hrYnDJD0t,rvTc1O8Qyx,293
442,16,65ff,5CJbEqrlW8,t1kLFD5kcz,60
443,16,109d,awwTXevvhW,IK0mCVxzH4,421
444,16,1e07,ZYsMCyQGCp,gYzIDKnh0J,766
445,16,45f0,QqeJgwSJiH,JeTuCxLTsR,691
446,16,49a4,8TFJddi0im,PuVPsu2RSR,342
447,16,22fa,X6jmKZEDqB,BYTUJYyPSd,454
448,16,f513,MvigXQ7hls,yvg3OL9vqK,396
449,16,f368,KqotVuSUyw,9cjYyHZ8Iz,146
450,16,6b9c,Ah0hvTbC6W,tGedijK6Xt,352
451,16,f1e3,qZahEQxcvN,Hh1azfkI9q,237
452,16,476e,XO5I0ily37,42JODOe7et,415
453,16,0543,Pz6kNDKHPU,nsLzDh1NFd,378
454,16,c54f,yOcvLR6KUO,3P2zAxcI8f,497
455,16,2a38,8I7gWKjptZ,7fImJRNk0t,477
456,16,b769,4iDpubYU07,786sdq1e8t,176
457,16,0215,dSdnlyrJva,2xocjKVD06,574
458,16,b849,onOnG4BkSj,1kNaQ4Kor3,341
459,16,f80d,TU4IaV56pV,piLp1oQdxN,361
460,16,edf3,4Mh1GvVr5Y,K5nUl2XAc6,233
461,16,7998,ZRRbAS8SIp,TZRpKa2dn1,452
462,16,d1d9,jjdau1w75m,IGqwXygxub,358
463,16,9b41,YHDWd2e8Y3,NIcjoq6wTP,128
464,16,e748,n3eRA4telm,p7StNkczAJ,127
465,16,d036,JzOIlG5dDW,CnoHNT6BTV,268
466,16,32e6,UbBTf8rc8Q,ILoVoIXxEP,301
467,16,73f8,ANXqvxQdvh,2NMgLedafR,116
468,16,5614,Ps3i8Pwd1H,94Xg4qkvbQ,301
469,16,c1ae,liVwc1u1lL,xFj9SBIRNP,429
470,16,6490,J1k66ompEP,P9wpjwSMIw,168
471,16,137e,TuWs6s3tWU,ZKo2Rjp6l0,29
472,16,d936,qwwqZP4J3G,hYzA8vAtvw,266
473,16,48e7,22vU3rAsbr,mDX9PfPDRD,220
474,16,621f,8lGFpmInqR,zhdULPdORW,148
475,16,7b68,6aoQSvJDVf,NFgNsu7tfl,281
476,16,e527,oSyl74vZjI,YIwebvn7pS,751
477,16,e555,dv3zkdxl2Y,542ZxFtvOo,88
478,16,569c,VNJf80CeIF,O2m2Mm7Epi,325
479,16,eae7,kmIwDHux7v,j0Xkh0sXnC,210
480,16,4552,kMHyqJmQbS,35fFgUHeHW,214
481,16,7931,1rzg2PgM9n,jzv9L3exka,241
482,16,d377,Ov6ZLaAB3v,8GEhNuw2g0,135
483,16,0d82,m21HL8zEPt,KqSeCHmYPA,493
484,16,ad83,qdu2RMZmnl,Cz1ecNeBZa,473
485,16,6405,MIm4C9BRHy,Ec0zBFLSrM,268
486,16,fba7,Mvy5l5isRn,KJT31rc4sf,261
487,16,5bb1,Of7YF7CHda,tXCQOsIQk1,383
488,16,d24d,A6QtBCTjMX,0P5Ea3iWPn,282
489,16,1242,YOiVC6Ja9r,GPvQYBCDc5,351
490,16,81fe,Pcz2gnGjuw,5NVsVrNYLe,237
491,16,df7e,hsSG6ftIQV,0BaC1JBhB4,485
492,16,df94,EW5WqDbTOK,lWaUUqTtQe,444
493,16,8cc2,sudL3SvsnR,VIP5yLEyTn,410
494,16,dbf5,A6FgaGvm0w,aNkKXmfwuy,487
495,16,324d,RxBBsDnYz5,xIOvlOOs3y,93
496,16,f01f,QF3AhbbUjc,FjFfF323yY,19
497,16,6793,P0qEqQUiyG,MQhMTHsbWP,10
498,16,2df6,yyTEOpfLN5,8uCg5m6Ses,209
499,16,a3be,oMZuCXSpxm,zGF7jJKxn2,642
500,16,daec,5MaMnArbdW,NbpUy1kkEs,206
501,16,6504,yIV81JwO7b,zheh3p0Qll,349
502,16,6be8,7cprihFgHa,4V9PdPT6cc,378
503,16,dd94,snJ8gm7LMl,Bfv4Ur8A4D,111
504,16,bf46,d5KBH1TsTK,llpOqLtoec,373
505,16,eb19,sSLYaOs9YV,O5WqcQyGpq,641
506,16,5bd1,N547DVxQsM,qnqOwQbDBR,319
507,16,911e,0OfxsKspvb,3jgdHQbSdd,184
508,16,b259,UluTFS7MDV,8Il7gq3BMV,220
509,16,16af,FCShtjiFFT,Z16AgwER2a,235
510,16,47d5,j81Ydgn0jr,skFTubIj0O,275
511,16,c24c,eNjvhuzB0b,0UNYYGV72x,460
512,16,dc7b,9sXxng82zK,TaHklxBq37,187
513,16,8e48,byz8B5wQmZ,jIycfu9O45,185
514,16,aa82,y7pfulX4ts,gqzHwB5wKB,55
515,16,a055,190CHyk6e3,2j29Icugle,94
516,16,3d03,j30FFFQo4T,6c5uqBDnGp,190
517,16,82ba,ApEjVqulOY,R9g0tZOeqs,204
518,16,0e23,ZUCQpgXXiR,UhxoB6YEQB,165
519,16,d3f4,pXIlYSr8Ju,WbYFtmVPj8,86
520,16,ec55,gOlSAV3jK6,mDFLthzdl7,702
521,16,36a3,wdmVmJUvV8,W2jGa6ATTy,351
522,16,5417,fdjwpFF1sZ,z1NAMAVJCq,595
523,16,1378,icds64wuV0,Pw0BIrFclY,419
524,16,a41d,COEa6ykXuP,dH03HlLmb1,452
525,16,3228,BkPZQEpHwK,UxyEL83WU2,299
526,16,b017,6KIvE4W5du,BvnUWhVHRc,329
527,16,0b5e,N7Y2IiJWLV,1FKetjzkLP,159
528,16,b1ff,xYAKiANdwt,n3FXfvscDn,198
529,16,632e,7SjEVr4Qtc,2QPwhH25Ty,199
530,16,4208,qK11RXMfcI,EvrlZYyKkA,223
531,16,7960,F5hhJiPWfA,0EWFvhUsZc,197
532,16,a103,zgEVh7Uk3D,V0OPNr0tGW,269
533,16,a7f8,DrPq5NsomP,NLsH83cDVw,87
534,16,00d2,6lPdWEiCzJ,DuxMmbRgS3,441
535,16,b5e3,z3Uws9CohB,tudHuMYBwU,604
536,16,72e7,P9lhoRvuah,gj2Owb4Wva,396
537,16,b454,2TdIQ57F6L,v3zbq4dIr9,536
538,16,2c74,eAtNkhbl5n,gynDGtaSuj,498
539,16,750b,RPDww0ol5u,Fo6eVGbtyG,148
540,16,f0ce,Pd1jb3ZNnn,rwV7VgudV4,202
541,16,34c3,fytZkK9M2c,rcuOeD86zd,569
542,16,5c39,OG680Z3kgW,ZdUjzsq0hE,674
543,16,01eb,1IxzhZqVSW,4oYDCyWmCc,642
544,16,3ea8,kixBxB7Gpy,Dnb7uqF8RU,194
545,16,9711,TIl33srtFx,b97BICwkyH,338
546,16,fe9e,QTX0PLVPd8,3TTrhdpggd,367
547,16,72fd,2uvsULNbSd,nrQa8cx1HI,128
548,16,00c7,WUliQWrlhR,cU8aI1LQZi,230
549,16,7b50,pa2QXeXVkO,LvdH2TnNY9,313
550,16,9878,wzYED4LaR9,82BSNzyrID,179
551,16,693e,bOlIigr6v3,ZlWCkIWc1a,446
552,16,ddba,cmH2yPiPCA,yeIpFjBfAW,148
553,16,83e2,MAkz10i6jY,WxlAOG9X99,265
554,16,2c21,IOoFgPPQuh,9SGbcj7VLd,169
555,16,8183,RF9jMV07o9,0d3vateMC4,419
556,16,0c2c,XCLNENpbqu,nKRcJ0bXZF,109
557,16,0819,8LbeVzTzXM,OzQwV8PnAc,284
558,16,c516,t7hD8PMJhN,6wjE1PUX4e,119
559,16,b946,FpW6i7PJQ4,MJPNuYB6ll,519
560,16,482d,e9OiGZOZH3,K4DtHUBcWA,42
561,16,6613,nTyM15xTky,wWr4P7R3Yz,157
562,16,c40e,2b3Mx8hZWN,Mrwl2tP4SF,934
563,16,fcaf,wKQUSLjuz1,XzNLI9D2GE,492
564,16,f5ed,o9BInCUeZq,exY6V9N7nF,472
565,16,b8d4,82jYmAULYP,Uu3TP4co5U,379
566,16,e970,jKu42Qd4BC,eEXfpnIlBx,138
567,16,3cf2,woz3jIuHIt,lZ1sjyNA8M,196
568,16,dee7,mfaEpzC2mw,c8urI42IZ3,320
569,16,d568,Ve4Fyy05Bm,euG07hwR1h,338
570,16,7235,ilecwrIvdZ,SuqPniuXga,372
571,16,0661,QIvNmqpole,krEXc7Dy9Y,367
572,16,98d9,bc8H8xDM6T,RYUaAPbxG9,148
573,16,686e,UcnfkueviW,XNwetqKLCd,290
574,16,d219,7QA7Ze20mc,yUj0NGTSds,504
575,16,72dd,grTQ9nxrBb,VisZYDixAL,673
576,16,5212,3lQYe4HFt5,AtDhpswN2M,357
577,16,be7b,2rEs8tXMCQ,WlBSbZ61Hz,41
578,16,1699,b0AB39bBA0,4bpHERE6eG,160
579,16,c33a,R7DD5U3idq,pIgUriWVvS,209
580,16,978e,fVdCCtMLwQ,SFmt4ERdUF,439
581,16,3acf,rKVSnExqjP,hTthZW7yLL,154
582,16,bfe1,z7z76DQhdK,YmDEgjRox1,253
583,16,bee2,oGybMLzNeo,40SWmIdeMs,83
584,16,7ad0,0ocu86uBi5,t5krueCymj,352
585,16,b363,HqDqvQj2QZ,rLaGsU6f5m,254
586,16,beea,ixWxEWu8Z1,NjXXPUe87A,564
587,16,c274,Ys64wGmzEu,b0aAJ5PmJS,202
588,16,96fd,V7SjORAT37,nTv2npX6lm,311
589,16,a4d6,MtyddQAGGs,cfSG5Gi6oR,499
590,16,35bc,Jwpnmpt72v,WyLL6IHnme,283
591,16,3b96,z4cXIh3IJn,Vnu5UtleQh,346
592,16,ce27,E6mnLwAiJa,IlVh63stvd,613
593,16,650e,FlsrHPka5J,vp6uEyZVsN,398
594,16,3dd6,aGIOscDuHd,WLgGETkbQg,233
595,16,e8e7,OuEZsn1S8v,62P9HAiN8Q,394
596,16,c0b7,Lk6lzTFeEu,Jw4fXimpkD,288
597,16,d212,jX3qIrhMu3,qjBNAzRlv4,229
598,16,deb9,XUmLpT2Km6,nrn8Acy9WH,321
599,16,ac10,7dZBAcMHCD,aPlXVUOfJq,745
600,16,843e,evPqEiMLdc,Ubean95hvP,316
601,16,9d16,ebBdOJGBSO,xRCBPHBnYL,188
602,16,d198,N6UsCs8MAr,78kwuXR0x4,268
603,16,13a7,TpPQMdMU6D,TD8dMMv5Hk,299
604,16,237c,kOuu0OBFsQ,V7CH22nB6l,445
605,16,a29a,SDytk5EiLh,QuTDPhCMx4,670
606,16,31a4,ahBwbKiCIy,bJgNCmFvK1,403
607,16,4873,kwg2KClYbR,IMwUJHZ92H,356
608,16,5a0e,01xiVk9TrM,j7RJWpyuyg,306
609,16,f9c2,wHNH2sGiHe,nlEnSlxDAv,598
610,16,5ca8,XWCNqaJtri,H0UMOWCpJs,245
611,16,86e4,naIrftszfX,ryKf51O3mB,520
612,16,c18a,AOy1NhHUvf,mZABoqWg4N,359
613,16,1219,s5pBDJUIfH,zf9jfhmTuJ,276
614,16,ddf5,dFJXzIRk39,b77nqUYRGe,565
615,16,70a4,jA7IMEHPaV,TxYrwvjqHS,254
616,16,8f1b,GHVpChXZ5J,1hJpNJoqx0,309
617,16,355a,Yq8rCoPKo3,FsXxvM35vP,395
618,16,2db2,a4pmEJVxf9,WvZmoQsyJr,582
619,16,51bc,AWnyUdi3hA,IPtC5tFSUI,740
620,16,c656,7G6HNMPs6B,IZiFb2UZCE,298
621,16,4e49,pdjz6wzVM6,vXDwiifmNQ,250
622,16,cb73,cpVcgxAA6Z,Qhi0t44zcx,131
623,16,feff,wI2SWwPT35,oZVyrI21vH,114
624,16,8f79,rDM0o40VzJ,IG85Urwr2f,355
625,16,8e60,VK4MXdUlMZ,UM9h9MZyzf,221
626,16,0cf6,gEYTvmnVH2,1g2z7rGzP1,141
627,16,30f5,Tz4RG5EV2C,jw0obwd2Ns,236
628,16,17ab,A6YrM7jT9i,Qbd14h8hzK,354
629,16,580f,JBjSoPcLfU,7DbsK5Xbhm,441
630,16,d7bd,wQDMKVMQ56,quHDeqW3k4,153
631,16,7133,mqoJz6cTTy,z5ZcipvCek,505
632,16,eaf0,na3DX0J3J5,kLLCV4DL5u,210
633,16,2494,mcrBfzdRba,d6gQ4ZIlFv,658
634,16,bd64,MaQBvyoew1,F13gBfRvmi,565
635,16,8890,K7PWRewRKs,7yxpSoxUMQ,273
636,16,518f,rWbxXDRbBn,mCXyBh1ZJY,291
637,16,5976,YdYmvEeXnX,QCCM4CfJAZ,244
638,16,6325,V3fS0OxpSl,Ta0UnlYnbk,213
639,16,0a92,uWjP9kRcgY,AhxZwNyaEw,237
640,16,d8f0,ZtUOeSIyNW,kse3ZceTaR,267
641,16,1ee4,L5KeOxRDL9,Cl8K1ztaIf,453
642,16,d0c8,EH1AXNGNHV,cWSVlev3y0,26
643,16,c07c,A6dF0YJJBX,8H3T5ksVuG,646
644,16,957a,8c8lFdlPU8,GcUG3WWrmj,299
645,16,8c3f,VVJQ1xCpBM,NFPq3tjypk,149
646,16,c8aa,ZKj9IZcbXn,RJof3z27zk,474
647,16,0cf6,64e59vNOqQ,ZeYel0MoBZ,449
648,16,941a,hhBwRYid7O,9H2PNyZ4xN,311
649,16,482a,vy0UEy4jbW,5PHWZiGv04,420
650,16,cb1b,GuEBxdK4hp,s1vIZ74bUE,36
651,16,12e9,kUx4nrofId,eSQVRhqjf8,600
652,16,f3cb,iJWZ2ymlYG,M8kKevqqlx,114
653,16,a5d7,TVGIRbfhuo,5QjdZEfAry,396
654,16,1105,DW8JucCJBj,w773j3MxZ2,520
655,16,1a2a,uFGmKO0bgA,exXEud67V4,348
656,16,e89e,URkb2RZzU4,fllhAOb4PP,366
657,16,8953,OafNY1zYDP,3UAJd8xmQj,538
658,16,ad7b,EryDz8nQy0,4mfk0AgecF,339
659,16,c401,hzzmKgsZAX,Q0MH6LvHQY,336
660,16,e3b1,UHfIqT8k5i,ahbKAmy9gH,111
661,16,a3e5,W2F8uymn8e,E3OpIHUoZU,775
662,16,6cb0,ezoZD2EDmW,qilydDpAUD,581
663,16,89fc,thHV60j57j,SKkAeP1DCA,205
664,16,eddc,WlADLd4a5b,XyGSaoF8MM,475
665,16,7928,m7wXjSATXL,rJ9RmBtSz4,78
666,16,8b15,rZTROrTrO1,NEgkTzPryg,632
667,16,7056,8SZcQFCrzS,7Tskklfyfo,309
668,16,e5a4,EaaQw1eR1N,nR0M31Rtfy,287
669,16,0028,0sKjFnzALe,CaWO6Iijz9,413
670,16,0c94,0D4fCxwYd2,8zgV4slsJM,139
671,16,30a8,wk3XjoYBmW,OSNe7lg1Fn,383
672,16,4c03,JKj0TRWeXn,bBOMZrB42r,586
673,16,df5c,vrPDfA3qrW,BRO7Tg3ecY,446
674,16,71b3,k1D5RUOmNE,qcGyiJYTX6,159
675,16,e17b,g9S4ViWmNu,v0whMunm8Y,321
676,16,cbca,U0nHrEoLiU,SxrkAorF6A,144
677,16,0204,crYC9TuMXY,GPNHIDQ7JL,182
678,16,a41c,4vNOR1xInk,dCySzsrkIT,463
679,16,7dde,fAD4n4CENL,8RVyBVj2i2,351
680,16,e70c,yOU93JAtAC,8DdzYCxLz2,517
681,16,5de6,ktxEneD8sS,yWTFCEKzMd,471
682,16,5d32,qSbQN7Q2CP,wWzMq7Bc0h,669
683,16,12e2,jeIjNnYcjb,EOmNnr0qdo,267
684,16,3aa9,aN9CWc23Ni,SBC6EXR320,147
685,16,ae35,pWIV30HWN0,hgzQO0E47X,447
686,16,6ee1,XTD9TAu950,ug3xLMPAcf,167
687,16,02d8,71ulM5zj90,ApQ65hu6Ae,590
688,16,ebb6,83EiAvTPIH,NfQSjhY0AF,208
689,16,bcd5,r9fqBR9rdz,I2cKfex45E,459
690,16,84a2,5dTU4mYo2N,zGm6qO8gsE,273
691,16,eeb9,GkA6aO7QzC,XPRfRuP6ks,503
692,16,6a12,TmEyugiauU,SpUqiBSoUV,226
693,16,5995,XebfvyuxiF,noZNHQxcRU,393
694,16,d2ed,Z8MtDiLUya,rdTTUcKaco,86
695,16,fd71,nXrBw7EgGf,oE0LdEWwoa,419
696,16,7f13,uGXaG6kBSA,sV4eY67jZZ,301
697,16,80fc,KJswLqkhzg,xEiARvkFfC,199
698,16,e4b0,aXtEqeM9dM,hHm6aJwawl,365
699,16,cdb8,7Hv0xbZOhZ,Qz0irvNPw6,464
700,16,83ed,fPTIheRfGr,390Y85JzT8,148
701,16,c38c,kVK8PUyh5U,hduMV3eRMN,313
702,16,8434,ck5IBrvxiE,4Fdyduukgw,665
703,16,7d19,nwqHN6RSMR,d2gfaxTG4j,452
704,16,baf6,wWLDFdx5Co,Bf52OSCLsI,247
705,16,d715,Il1Eit334A,bCFfwjNV64,299
706,16,fd9e,AC1rwlDaYW,XY1Pk98Zna,296
707,16,830d,sG8gXBONCn,0AKsOTLhR2,762
708,16,85c1,iHmkmy0GRc,Ehk0Ae8Q1K,201
709,16,8013,NgSOq7xhXm,qcFdw6DDQV,548
710,16,d040,aJFfjBQzGM,a5ave7X18e,328
711,16,69f6,Y8k4n090B5,8FPpLMXpoc,509
712,16,36af,hPJIrO3zlQ,zvTF4Unh2X,223
713,16,0ed9,o4UD5tUbkm,CRBt3A91YF,573
714,16,dd47,HcJ8X9SWtf,nFYJ90Pm72,453
715,16,7101,H3CHzZ8YDh,lai6AcRG22,165
716,16,8a2f,Swd9rZ7fFQ,ZoTgiW7ExJ,284
717,16,fdd7,RfcEBfwyhN,P4fVc4DUuz,253
718,16,fed9,O6Pqq3ncSz,xGLyj5kXRV,557
719,16,5956,TDjDKOrH6x,M6QS2229wq,525
720,16,aca6,D9XvGmo56P,IejteyHGVl,371
721,16,575a,oeecwMaiWr,glWdHTbPvJ,138
722,16,a93d,oPQvAztRLE,iOo6R6d7MF,353
723,16,7e53,PWfmQH9yFE,SzA6DFMx7z,462
724,16,8f39,wi7DmawtYO,Nf6sun8cEq,364
725,16,c89b,b3gF49ppGB,DtrKbNLJHY,269
726,16,e3a4,xxkJ6ZrPdh,ePPUf5N0xQ,346
727,16,e9e1,hXfuk45pJf,IBjTWnq9PE,319
728,16,f74e,YBVgGvGH0m,SZx3CR2lD3,618
729,16,3dab,xI9jj5OewY,cOEq6sATOZ,73
730,16,cd1c,eEoUzg86cA,eYwaul2peX,275
731,16,20c9,cBDRHIvSom,3GUnws0zjZ,238
732,16,e178,negWuhtNcH,3QVNwhBye7,656
733,16,38eb,LzJPWU99yF,hpOyT5tkav,268
734,16,e788,QBijs9L3wU,XhKjRE4jp0,183
735,16,0209,Dst1c1k3lK,NUaCakDYxf,506
736,16,5b10,eNiNaCjh7D,gqKuK2Ds73,378
737,16,a1b5,yijaxkIPXe,UBfjoUFqep,287
738,16,1e59,E5UlYWz9bY,MmVJj2Wudo,234
739,16,ae7f,AhAFlgYm0D,csZsXGXjCw,241
740,16,1b96,x2a3Ir78Jg,ILdAX7SZ4E,253
741,16,33d6,EfIcIJ8Dzr,w6T3jmyk3c,321
742,16,e14f,RfaLspRbiY,FoCfhAo07k,72
743,16,fe34,MfkGrgLENw,BZxcmOoTNg,392
744,16,9026,jRifwrWec4,mZ7Mi3nUwW,486
745,16,2365,4oEV3AQdlW,keTl9GsWsI,365
746,16,fc57,EXUoxfGK8W,afABDH2xiG,303
747,16,98fc,NtmshuyHqj,NttHc9Tt6U,363
748,16,7fc6,mjC5ohnIab,4xCbFHxV1v,402
749,16,c82d,WrhD4k4Ula,P7lepgBgFy,78
750,16,c577,3OEHlk9bIN,Mnsy73OyE0,438
751,16,59fc,syvHyPJWvJ,H1OcXRwTdg,610
752,16,9663,Pdz3JnMASw,vmhgpx9Wm5,242
753,16,292b,Vf1ZKSeZvf,6bB41pZbs6,85
754,16,4f4a,sH4qpNdjJv,93SETfJrTq,148
755,16,1b46,C7qxI04YaK,q1S7mm9hrf,116
756,16,953c,B9itG29wGZ,GOs5CwAFa6,302
757,16,6057,ZKAsfg7Pgu,LaRQlRXuyK,245
758,16,cb71,l9rp41slns,rIhl68H3WB,484
759,16,7cfe,Ge0exRlWWY,62lwOIB6F4,325
760,16,dad8,uWwYpzv5nz,w0n0KicQAe,323
761,16,a54c,zhPbIDrX7s,Wy21sqEJch,296
762,16,60f9,e20loFOhkQ,Io7IIVENuF,460
763,16,57e1,PUCr2lZcVG,lrvCwPyhtk,289
764,16,e8da,ZgwrZ1jtK3,9Q6LbiAKez,469
765,16,6aec,Ph3Tq6z4Ag,O7qTGOSkKO,339
766,16,30e1,NUwVIbmvGz,aopTrJWfjT,462
767,16,f622,5MjLo9HS34,Ih5D3Ay2ij,317
768,16,d6ea,fXeXOnD9oG,EuaIP62odu,246
769,16,bd7f,V6aW4d3OUq,z0YyANadKN,143
770,16,91aa,Mnst0AONLc,y9FwqyimLW,277
771,16,77da,oQ8r76LUjh,H7nEM76j0r,137
772,16,4f5f,eO9uQKXFS3,CPp8r6Y0OO,444
773,16,854d,lhhpDCOnkn,bcHkeGjFXC,650
774,16,b9ab,xMB0BzHysW,LggoB8puWB,345
775,16,7af2,SjQvjaw9WE,cAQuBZCjBn,54
776,16,10b9,nscXJn7KKq,r6J71b79ZG,469
777,16,ab21,bZ4hXTUuUy,rDkTeInmiN,144
778,16,fba2,w6CZ7W2Pve,pden6HMT1v,72
779,16,3680,TK0bsip1h7,1gIVEtB5Zw,394
780,16,9f0e,M63cRocwLF,dPhuhfg5Aa,251
781,16,7b59,HagmMeOVDG,UnSNjVIdwy,732
782,16,a0d9,tTvUqtKH6Y,yxMQNDIJ7G,227
783,16,8763,lYvPrCYeqP,QKf2RK8Ff6,115
784,16,67fa,vxekP2zVKt,ybSjb5WS0k,145
785,16,b009,JmGmzN4cCv,DdQFPhnPJB,444
786,16,93ba,UPQtjfv0e4,yXAS1WwyOo,355
787,16,fcf5,Nl23oyTBW1,SOPdWPUaH6,409
788,16,9303,DBaelUZGFM,HwuEjhqCXa,375
789,16,ed20,MvHuSRTEts,2hWZKP9ckV,561
790,16,7148,S4ZiHv8aGI,ayghjlYl54,317
791,16,dd31,9AQTLGz8C6,sHxq0tDVmi,289
792,16,46b5,CMvL9Sw1Jf,nK6nRKDSFV,587
793,16,8c54,gmXMYz0LW4,bEjCi8LPhl,434
794,16,685f,AVxgWSEcen,RtIwKP8vkc,261
795,16,ad91,kg0RzOpJAu,zgMF8SS4My,560
796,16,87b9,PIslAkLF4u,SKbBiycWVm,198
797,16,6b98,0d51PSqMpM,0GOF2VjTlF,141
798,16,51ca,nN5aCsEegw,QrQsldmNLl,420
799,16,3f43,inL63iOGgq,GvKb5tV5mW,461
800,16,66d7,xNWDBDLN4k,bE2WEbZ2wY,180
801,16,3a1c,rmtGRZ1Rtp,u0DzNDJAgD,906
802,16,1260,fHvJONXGfp,FXDFv7cxjr,541
803,16,7f58,RFKK5rDEfw,LxiuWjw67q,655
804,16,ab98,8UEkc4dIww,gnIjcK9UCc,68
805,16,b13d,NpYYWhK06X,rlZqT8r91W,571
806,16,c80a,54aXmScEYf,H1wlBrlFpJ,47
807,16,3873,IjbqjUvYEm,dhtMqsZYfE,219
808,16,043a,fOc5vNSyMn,rQepfKqj1S,383
809,16,c2b0,S9cwShRBbF,xP81RNWg5z,417
810,16,c314,9ff7WSitEy,436jtrzc2U,244
811,16,2730,bM2CaosL9c,bNpuT6vU3U,864
812,16,23d0,YnUjddjsvL,n9GKlGjkwb,207
813,16,35d4,rW0prHMYIJ,5uQQSHntEd,541
814,16,8425,QygeI8aFnP,IjGRMDV0WC,266
815,16,fbe1,YJSzy76iA5,MzCpASLBe0,659
816,16,0853,6toJ9QIDsg,QFScHVPj1E,203
817,16,d7ba,OSguvIkfkP,QYFiP95Ukn,494
818,16,90ae,ZeFOS55V7D,1kyCyJc4bq,433
819,16,2769,5WbeCs7gy7,0avrHdz8d5,783
820,16,457d,GfKOqub2em,peGxiDGjqX,256
821,16,dadd,bxuNcVQycc,fPDnImHdSN,662
822,16,b541,Xwf41bgCcI,Q30mrcLG1s,166
823,16,e0ff,qXzG4h4g2O,4T2UGkFNd5,500
824,16,6853,cqSEndLZUa,aABd3uDUdr,98
825,16,dc9c,I0dklINg61,qDT1pDI7FX,152
826,16,4a8c,4nXWFSGfoX,xMjI7oz8vZ,517
827,16,22da,hnmRz9Y8Oa,s4j0iSZy07,69
828,16,80e2,2mEgml67x4,6STqSCYPMJ,312
829,16,978c,ayza05Mdic,rY2Ah3XaVX,414
830,16,92f1,ucWUtfIQRa,foOCrNKQnS,209
831,16,0cc1,iRY7Bw3izQ,6VDxsrHufq,354
832,16,88f1,8mhGTlE3xx,sDkSkXQ4a1,247
833,16,f09d,DqC8ew2Yk7,NTii2KNFIl,50
834,16,57a2,K61plKDXRn,rK0kDMMkBm,514
835,16,a7fe,EoDpWAXD5a,HF79qvtfGm,241
836,16,937e,1LDg46hLho,ztVhUSmMuI,340
837,16,75ad,vYxfjnWjOm,3wUuWdDOky,267
838,16,bc2e,wAaZ5xJH8N,WZZ8RVpmYt,411
839,16,165c,5oZTTJUVGl,Y21WgRfsCH,321
840,16,eff7,IZIKL2aB0K,aBPTbax9Ht,466
841,16,c893,5GLyxc4jtT,Rc7faKy1S0,376
842,16,8150,NE0S4H73QP,62vG7NjxcQ,430
843,16,98a1,3UQ2CjvPyH,8EVaVn0u9N,170
844,16,d988,1aVLkHFTkj,RaHrgQjIQ2,480
845,16,6bc8,2QJuVFLqjZ,cxHd8MFecT,162
846,16,1c9d,vITj2brCBR,YoDWwDz81m,330
847,16,11e6,HHUD3e6U7Q,IRwuIU5RMp,578
848,16,f58a,MXPoUdSeMB,a4HmguVGMz,142
849,16,8344,FyXsIyqjke,kSIKjlOK84,261
850,16,6710,1XC2lnaLJN,plQ2d2f7RL,328
851,16,ac5e,HsFbFRmYAH,N0sz0ObtUH,129
852,16,a36e,TZOTRdg16Y,ajAbxWmXJC,206
853,16,89eb,lsdgS8ZyeR,f4Hdj4iNLq,160
854,16,31a9,prAk9h5t4G,zh5xh9HqHP,74
855,16,799b,H3pPzw1XA3,ReX98u2z25,241
856,16,9aa4,9X1efvhsJ7,NNnXJJY5Ai,259
857,16,fea6,fqYGMSS8C4,xb6NeHfgPt,82
858,16,7c0a,H8NjKUPFo4,xR08TsHEgf,210
859,16,6a3a,dIBSUVR4qC,8z1Xq2CyCO,395
860,16,b555,497uzxC5He,0e1ZoHe6ab,257
861,16,4792,mgmH9sVjXi,JFKdflgLe3,425
862,16,827b,QaefkDXjQq,yu6HOQ4xuh,394
863,16,3d90,KUEYqbMhOq,7ZczCjGxOO,741
864,16,46b8,1fh3v0AWCE,JfVOZw9rW7,271
865,16,fe28,y7XXM4yoMe,j9jXxb2i1M,274
866,16,7b40,M8gM2DhgLk,ETlWGYQVp7,518
867,16,27bb,FsIKU5PQQX,ylU74TznQk,237
868,16,c084,ECgm7nwHqR,lMZKSLgLO1,89
869,16,60c1,d5Q9iwkYD4,Nazpa7oNzO,585
870,16,631d,TuCl7UAOjH,S5VdVI4wb6,198
871,16,2792,2EcdxWVChs,SxT1LCJfK7,187
872,16,4bee,jtLNi20E4z,nycUzZ0qvp,515
873,16,7ce0,j7pnHidSPh,dKGgC2RRc5,377
874,16,b395,UmqwQ5EPuZ,NVl2UtPP0E,282
875,16,2008,UePocVt3oy,LNl5TQPrsy,458
876,16,99f9,Nf7KLgyjAA,tW38jttoqE,334
877,16,1df8,tNzVCHUi21,CZuwxW8Exf,136
878,16,a11b,oQAyW50mtz,ashNlOCglF,405
879,16,1761,qrTHSEckEj,F1KF2VGhDC,537
880,16,4c99,dGNuvOMkS2,PZjTOi9uuB,481
881,16,5d21,TJrnJLJxzT,T3xTz7yeYS,528
882,16,2cff,iNupQmlkPd,pejddvPUTY,309
883,16,8873,NJedDHpGej,vhNObwt2F1,521
884,16,f03c,0Wt7iZRuBA,44tsJg2RRP,611
885,16,a9fe,4xeAQTVYIK,UoIrQgtNza,339
886,16,b03a,INPwQofIHe,mszUJc8YYf,253
887,16,ed98,6B36kx3lCC,vpuk5G5y6l,282
888,16,b030,gZCOqS39nL,ougZaK8xRO,419
889,16,0bc9,1qzlAXWepo,QEIqOGTM8A,413
890,16,46c8,Zh0s8aAlrh,xDh68ltHZ6,99
891,16,1fd8,en9wewXQUQ,52CK7xvgV1,284
892,16,716e,HuaxenQGLO,0gc7scliGZ,155
893,16,0940,c7kyGu5aWW,g9pTMvqL6a,539
894,16,9272,EoQWGXUB7z,6Dzfu3j00m,465
895,16,fcaa,8hNFNH4jNu,vCf9WhGH9Y,261
896,16,d513,cDuNMp2kUg,RwQgAc4E0d,359
897,16,8935,L80lPzPRG6,VTxT8nXGaQ,514
898,16,aa34,sLbdcYc5dt,N9ScvgQ2p3,449
899,16,e74b,DVtDz2kpyI,fGHHYOIcRB,527
900,16,7e49,Dw7oO7p8aP,iFMoQAh0TD,427
901,16,439b,RO4z01ig1V,S29dlX2Fvz,427
902,16,f9b1,9iniqZx0rE,7CMlDceuse,209
903,16,b7c2,fjbsPJBUJ9,S2tQkbPtr2,163
904,16,9521,xMcHFyJtnG,txfQiXE5OZ,355
905,16,dbe3,U7IxmvE26h,MazXVDq3nD,114
906,16,7e92,07qRyUlyQv,VilXhfz0lL,836
907,16,f6e4,WAOdiuytjW,TQ6bolEFkB,374
908,16,4046,DOr3VJTvTD,8x4Ot8hdRr,327
909,16,b7a4,ANKKiVf5t5,P7wHdf4QTr,122
910,16,e720,O0IVRlLFDH,8O5drvEBEB,144
911,16,c294,tXh21OVHmk,0ZCZe15dvq,270
912,16,faa8,W2wB32d0Th,S5GLa9AACD,69
913,16,76a4,bqnBVXMErZ,nR8fx738sQ,431
914,16,08db,ztZ5LKWJEt,beDkwY2bg0,196
915,16,5c89,coLtzYVXnK,YVy7eDPgI2,355
916,16,44a0,lJmVJTHSvg,JbBM3LJwoy,301
917,16,eb51,QwXdMhQON8,aAw0QYMIyD,403
918,16,f2c4,UtNv1q8ASA,xcKwWF9vtm,236
919,16,0cd7,VNxPsSdKms,kVuAB3SaoR,802
920,16,deae,1UUIFvCVOR,mmO6FU9LuK,270
921,16,8211,1Ss8pWMEEb,9oMzNe4Xqa,340
922,16,1b71,vVuGlIfYgd,9O07HymbpR,548
923,16,ad47,Nve0HrNTaa,rSc607svRA,227
924,16,b385,j1XcsrjoIj,1JARsMRVoV,228
925,16,eb7b,uMjnlt264A,ta6YzusMgS,416
926,16,b858,moXVhQ8SoJ,VDkCUJvLyc,317
927,16,84c0,zrrwCKp0Px,uSthkhkI57,625
928,16,bea3,VyltdgjVza,N8O0miXCoh,93
929,16,c9bf,cQngvDQkKr,hdV6iT4mpq,265
930,16,0d67,vX5p3bGRSx,L8hSgrEpMS,422
931,16,1a9f,i96IWG14RD,zWUc4mdYCL,414
932,16,d23f,11a1WpHdHa,ui1mzThJr3,451
933,16,25ac,BkQ3fhk0eA,NugzEANGCn,343
934,16,a475,gwqAo1TdmO,jsEt9DwAqV,377
935,16,2028,xQXsFE5yGk,YZKMks0s85,130
936,16,d684,gvJcEnDayk,K99Pz0mSmO,569
937,16,6c38,HeLQsPitYY,VjSqqqZs0L,364
938,16,8f18,EzVOKKhXfE,6Kw0lEKXZh,223
939,16,20dd,t2cumoZqCR,YUL5QYFSDF,553
940,16,0e71,mAv1mCpUGj,Gh4J2MTts3,100
941,16,a814,Y3M2AqBaSk,ru658NLv92,186
942,16,cda5,XprLQfHdXi,nz2xMK86Or,458
943,16,bb18,Gi11IfdS5j,2YRgjtF4uS,133
944,16,5f33,I1q3c2ZtX8,jE1hjOAi9F,590
945,16,48e3,5iWZ1MQVHo,Jyu833Zhic,353
946,16,d374,4F6aSt3Kbn,S3X7nPXfIT,119
947,16,e239,ydKpuiYjQT,O22Hq1k28U,222
948,16,89b8,fbqYni8Z2h,5bqHEiTBCK,437
949,16,d5c8,WjFnX7vWep,aNtHHDmrjW,427
950,16,c6ba,4xWZFBGtDM,yR8ESKGShK,60
951,16,0224,kBi2JLCZ2H,vt3ijxAtYW,401
952,16,7378,dXn9KoVAZz,kdiz146Bho,269
953,16,6f08,aNDJD75Bq9,GFyWL15tjC,258
954,16,0693,iEZnvGfX3W,x7kFcZWpUZ,140
955,16,ea60,7tM4gPRKaR,X9GON1j1DL,304
956,16,d75d,H3JHnmaPuO,PmfahMXrdk,109
957,16,037c,QNd0JJ1MI1,TWtSYJ8bQs,445
958,16,fcb9,tN0tBW3VAk,nLrYGzFwcB,328
959,16,0479,JtNaB9Z4tw,AmUkP661WY,173
960,16,b1bf,PeybABJ7PS,geWGqVeC6v,588
961,16,18cf,Y8o6sJvwjz,9PeKp2DYJI,110
962,16,a05f,2QL6WD3S1V,p0WgjeQ4D1,92
963,16,6868,J1REh4E62p,dv6Km8pNsY,483
964,16,5095,V80SusUGoM,Ohnvm8Af6e,516
965,16,7991,2w2ihv6ZkM,nvfZkeon0C,314
966,16,f97a,MPKTsLkEwF,rrOU5DCbKo,116
967,16,df12,rGQzkipwpX,S6MLeM5aA8,221
968,16,afe0,okdSy7bTmL,ngQJmx46TI,581
969,16,a198,X5rz4Y67ZP,OavHDYnGmQ,253
970,16,b3c4,FFG1ZffTDq,940SHeATih,38
971,16,6e09,irs1BWGjUA,hMsvS75sp4,93
972,16,d3bf,rzXZLc75vF,LYu5gmWuHT,384
973,16,0c17,jXTPsMdXE0,8CxtQxA83j,870
974,16,de02,HQEL4be256,Vgs5iVvC5V,499
975,16,e520,ojtfcOfvTF,J8gQJLHAet,556
976,16,6596,abUSlJuv3J,rrFEIyJp1g,540
977,16,542d,ASj7X7zv3B,qA52fhW4ym,339
978,16,d088,E8oxoi5vdd,WTPXhCvjaz,144
979,16,5f4b,xUhFt1pcHw,4dVbVHf2C2,349
980,16,03ab,ktoFjW05MN,UzAXYbb5ZS,349
981,16,7eb6,M69hv1slO7,TTCOjQoKrd,223
982,16,1c69,9zF50QKRu2,wggxhTiY13,514
983,16,3730,WX9R3zNemI,ZXP3hPpe6K,287
984,16,76b7,AoKdL8eOJZ,Gil6bE6aax,217
985,16,a987,nhwXjDmzkw,AEdivxPH4I,195
986,16,246b,DA9RIilSTM,SH5L29X7qP,150
987,16,d227,WqzlLI542u,EpwfYV18KO,305
988,16,e559,k0sACe5Pio,XuTFArDbUJ,426
989,16,ebf5,QJgF4Oimh9,BAHpM9SBNP,186
990,16,9963,S7OXF1AQQA,DioLJXF7LX,339
991,16,20c8,acds6ctYbF,skPudFJen4,322
992,16,88e4,ryCbAv3Cbz,JLtujAbVab,113
993,16,347d,92BoYpf3Jd,oOBvDuEXBy,593
994,16,bd1e,fMjD3c0xnQ,dODYEcNjd8,273
995,16,e503,q0GzJs9jHX,AJyT5RzjFp,436
996,16,466a,X0g5CkWQ7G,EVPzEdHTvj,765
997,16,e9b8,tx7xklEhLZ,APttjYdKbm,184
998,16,6811,XW0otrCuTx,pxLHogsTjy,138
999,16,6d1f,P597ThkCis,yM1iTP4DCt,470
1000,16,9bfc,iswqMp6hPe,4M77HVv4Ta,172
