{
    "G": 0.10897435897435898,
    "%": 0.07905982905982906,
    "ю": 0.07799145299145299,
    "Т": 0.07585470085470085,
    "3": 0.07585470085470085,
    "s": 0.07371794871794872,
    "Ж": 0.07158119658119658,
    "Я": 0.050213675213675216,
    "=": 0.04807692307692308,
    "9": 0.03418803418803419,
    "г": 0.030982905982905984,
    "И": 0.027777777777777776,
    "@": 0.026709401709401708,
    "К": 0.02564102564102564,
    "i": 0.02564102564102564,
    "\n": 0.021367521367521368,
    "Ё": 0.016025641025641024,
    "Р": 0.014957264957264958,
    "F": 0.013888888888888888,
    "1": 0.013888888888888888,
    "N": 0.01282051282051282,
    "у": 0.011752136752136752,
    "Й": 0.011752136752136752,
    "Q": 0.010683760683760684,
    "R": 0.008547008547008548,
    "Х": 0.008547008547008548,
    "J": 0.007478632478632479,
    "П": 0.005341880341880342,
    "<": 0.004273504273504274,
    "7": 0.004273504273504274,
    "О": 0.0010683760683760685,
    "Y": 0.0010683760683760685
}