{
  " ": 0.128675,
  "о": 0.096456,
  "и": 0.075312,
  "е": 0.072292,
  "а": 0.064841,
  "н": 0.061820,
  "т": 0.061619,
  "с": 0.051953,
  "р": 0.040677,
  "в": 0.039267,
  "м": 0.029803,
  "л": 0.029400,
  "д": 0.026983,
  "я": 0.026379,
  "к": 0.025977,
  "п": 0.024768,
  "з": 0.015908,
  "ы": 0.015707, 
  "ь": 0.015103,
  "у": 0.013290,
  "ч": 0.011679,
  "ж": 0.010673,
  "г": 0.009867,
  "х": 0.008659,
  "ф": 0.007249,
  "й": 0.006847,
  "ю": 0.006847,
  "б": 0.006645,
  "ц": 0.005034,
  "ш": 0.004229,
  "щ": 0.003625,
  "э": 0.002416,
  "ъ": 0.000000
}