{
    "M": 0.1104746317512275,
    "Z": 0.0867430441898527,
    "R": 0.08592471358428805,
    "$": 0.06955810147299508,
    "!": 0.06710310965630115,
    "Y": 0.05973813420621931,
    "I": 0.058919803600654665,
    "d": 0.05482815057283143,
    "9": 0.05073649754500818,
    "P": 0.03600654664484452,
    "h": 0.031096563011456628,
    "G": 0.027823240589198037,
    "V": 0.02618657937806874,
    "W": 0.023731587561374796,
    "C": 0.022913256955810146,
    "F": 0.022913256955810146,
    ">": 0.02127659574468085,
    "S": 0.02127659574468085,
    "-": 0.020458265139116204,
    "K": 0.016366612111292964,
    "L": 0.016366612111292964,
    "\n": 0.010638297872340425,
    "Q": 0.010638297872340425,
    "O": 0.008183306055646482,
    "A": 0.007364975450081833,
    "n": 0.006546644844517185,
    "B": 0.006546644844517185,
    "J": 0.0057283142389525366,
    "E": 0.004909983633387889,
    "t": 0.004091653027823241,
    "U": 0.0032733224222585926,
    "3": 0.0016366612111292963
}