{
    "A": 0.11940298507462686,
    "Y": 0.09950248756218906,
    "-": 0.07462686567164178,
    "J": 0.0708955223880597,
    "$": 0.0708955223880597,
    "L": 0.06218905472636816,
    "S": 0.05970149253731343,
    "Q": 0.03980099502487562,
    "I": 0.03980099502487562,
    "x": 0.03855721393034826,
    "O": 0.03233830845771144,
    "t": 0.029850746268656716,
    "K": 0.02736318407960199,
    "G": 0.022388059701492536,
    "3": 0.021144278606965175,
    "8": 0.018656716417910446,
    "!": 0.01616915422885572,
    "R": 0.01616915422885572,
    "F": 0.01616915422885572,
    "d": 0.014925373134328358,
    "h": 0.012437810945273632,
    "W": 0.012437810945273632,
    "=": 0.011194029850746268,
    "Z": 0.011194029850746268,
    "n": 0.011194029850746268,
    "\n": 0.011194029850746268,
    "U": 0.009950248756218905,
    "C": 0.007462686567164179,
    "B": 0.007462686567164179,
    "E": 0.004975124378109453,
    ">": 0.004975124378109453,
    "M": 0.0037313432835820895,
    "9": 0.0012437810945273632
}